Benchmark, NVars, Approx count, Approx time, Approx max, Approx min,  (max-min)/max
baital_4step,165,5238688115.4,98.0525537967682,5269159581,5173435432,0.018166872255144934
baital_5step,177,3685275577.3,111.78914837837219,3722007541,3641994264,0.02149734413985165
baital_90-10-5-q,460,4276126760150.6,33.97577962875366,4284157967739,4263861812520,0.004737489927270694
baital_XSEngine,1260,492327704233213.3,77.93186826705933,493241113703034,491414294763393,0.003703703703703974
baital_aaed2000,1284,537094854702417.1,80.28990569114686,540536892878422,535269531427263,0.009744684443479309
baital_adder,1272,500471214845443.2,79.52798314094544,501807178032292,498628978830803,0.006333506854069908
baital_adderII,1276,504633066543946.5,80.60598998069763,505810766518703,502815971518517,0.005920781443222331
baital_aeb,1213,389483309793748.6,82.8527646780014,390372224302422,387925625627144,0.006267348246023303
baital_aim711,1264,491997813464376.6,80.9753739118576,493027678773947,490737750057524,0.0046446250687538606
baital_aki3068net,1207,383679943128353.7,82.04253802299499,385101373202196,382695655412349,0.006246972764191851
baital_am31_sim,1165,322209172900561.2,82.60221891403198,322762711571735,320972322382048,0.005547075685938029
baital_asb,1231,441525686811374.1,82.1586568593979,443426432673742,440359691918297,0.006916007999237616
baital_asb2305,1242,452081344413357.1,82.90603141784668,453573646191399,450941146383241,0.005803908208210002
baital_assabet,1266,464535168923348.2,84.81222054958343,465787026603245,463320970232366,0.005294386125055334
baital_at91sam7sek,1296,543991705025581.6,83.79553773403168,545878117738994,541104031979851,0.00874569909289839
baital_at91sam7xek,1319,622246738788191.8,82.87945129871369,624147248101356,619642116134515,0.00721805948923996
baital_atlas_mips32_4kc,1216,395736915227048.8,82.46069316864013,398334098823385,394690496453907,0.009147101340911101
baital_atlas_mips64_5kc,1209,379821603671284.6,81.51163785457611,381565924329898,378522887737183,0.00797512670466879
baital_blasted_case1,187,27911433945.1,72.90288960933685,28022134039,27764758360,0.009184727995440876
baital_blasted_case10,328,609451569559.8,61.823951959609985,612831932088,608194936945,0.007566503800154702
baital_blasted_case100,72,265600797.8,62.06249272823334,266378342,264905433,0.005529387220226786
baital_blasted_case102,34,3947072.2,72.11488101482391,3962768,3933413,0.007407700879789076
baital_blasted_case103,32,3201184.9,65.19638655185699,3212076,3189603,0.0069964097985228246
baital_blasted_case105,170,23734643714.0,51.52993085384369,23824593943,23677237785,0.006185043839678758
baital_blasted_case106,204,60145304938.2,51.59908564090729,60292238743,60010525934,0.004672455607442628
baital_blasted_case108,205,52528023226.4,58.265292930603025,52724182388,52406226751,0.006030546565144395
baital_blasted_case109,241,121393148844.8,60.04695031642914,121711828448,121139350119,0.004703555408705284
baital_blasted_case11,105,1480210564.3,75.30003609657288,1488244458,1473411312,0.009966874675907579
baital_blasted_case110,287,155581054135.3,104.87099390029907,156459555212,154523454934,0.012374445749744192
baital_blasted_case111,306,209776191511.9,107.24598033428192,210793281681,208564578571,0.01057293236400563
baital_blasted_case112,137,4683705011.5,100.65364954471588,4707292106,4651256933,0.011903908178669547
baital_blasted_case114,428,1552087500438.2,95.61810665130615,1557118728053,1546369596089,0.006903219240989136
baital_blasted_case116,438,1556554837405.8,104.90139672756194,1562670628466,1550984781338,0.0074781255340234075
baital_blasted_case118,309,224981905643.1,107.38475353717804,226453160735,224209830396,0.00990637680533499
baital_blasted_case120,284,280728777660.7,67.05673644542694,281534475933,279627656688,0.006772951123235748
baital_blasted_case121,291,257639980622.2,78.376171708107,259775779030,256728433398,0.011730676521801826
baital_blasted_case122,314,223315818324.4,110.69852697849274,224517937069,221507074843,0.01341034157584784
baital_blasted_case123,267,128847319834.7,95.61943156719208,129427396244,128278559590,0.0088763019835011
baital_blasted_case124,133,6505946109.6,60.99785480499268,6533311335,6486480424,0.007168020717016695
baital_blasted_case125,393,820547266057.2,103.90555067062378,825157758694,815369063506,0.011862816637018403
baital_blasted_case126,302,228622382489.3,101.68165376186371,230275078820,227768359780,0.010885759122720513
baital_blasted_case127,36,3982815.8,92.63052136898041,4012248,3949994,0.015515990038502106
baital_blasted_case131,432,1664342449803.8,88.80021269321442,1670021174907,1658315031054,0.007009578099302778
baital_blasted_case134,60,91776318.5,67.37619376182556,92155829,91376081,0.008461190230300028
baital_blasted_case135,236,80465721763.7,75.33213424682617,80837348265,80072700986,0.009459084141322186
baital_blasted_case136,211,68822740378.8,64.79631388187408,69033741867,68605883994,0.006197807933174308
baital_blasted_case14,247,169226670781.8,49.779673147201535,169510645229,168859281956,0.003842609837984171
baital_blasted_case140,488,5002359075422.9,59.12601273059845,5011515745091,4992579711385,0.0037785042827708716
baital_blasted_case145,219,87881057457.4,52.45725989341736,88030864081,87638685920,0.00445500751462742
baital_blasted_case17,77,312918552.8,72.603276181221,314864137,311168465,0.011737354514909395
baital_blasted_case19,397,1908723315196.2,52.409459066390994,1912115535917,1905780011625,0.0033133585146891504
baital_blasted_case2,296,330583444887.6,61.1534640789032,331474494241,329766821930,0.0051517457320816645
baital_blasted_case200,14,7063.0,51.27585942745209,7063,7063,0.0
baital_blasted_case203,214,63960942388.5,73.06229491233826,64140777096,63768371740,0.0058060624280029845
baital_blasted_case22,126,2554843428.2,91.83847601413727,2573281546,2537254942,0.014000257397408003
baital_blasted_case24,65,133292141.1,65.21470994949341,133952312,132845807,0.008260439730222797
baital_blasted_case25,68,148761761.6,74.9694893360138,149500244,147825943,0.011199319514154104
baital_blasted_case31,53,42935687.9,71.30320541858673,43103072,42723184,0.008813478538142247
baital_blasted_case32,52,39902857.9,70.618732380867,40136413,39707818,0.010678457987762882
baital_blasted_case33,51,37598650.6,70.03012127876282,37752914,37478031,0.007281106830587965
baital_blasted_case34,409,1157852517665.1,102.69244117736817,1162843460635,1151890295987,0.009419294186010856
baital_blasted_case35,400,1573594739490.9,66.57134771347046,1580223417376,1568699368756,0.007292670449812703
baital_blasted_case36,64,112833971.3,84.16109611988068,113207045,112545640,0.005842436749409014
baital_blasted_case38,143,5759016207.6,93.32810006141662,5794898680,5727874711,0.01156602948578214
baital_blasted_case39,245,155789385420.5,61.5671462059021,156288912805,155395760393,0.005714752223751
baital_blasted_case4,103,1619306558.8,60.90008714199066,1623089694,1614012542,0.005592514100456115
baital_blasted_case43,116,2432413760.0,78.19294435977936,2439399415,2422261371,0.007025517795329963
baital_blasted_case44,173,18601738479.1,78.47350089550018,18727395034,18487970586,0.01278471712511642
baital_blasted_case46,176,19916719803.1,81.05674750804901,20008342274,19811407998,0.009842608313228819
baital_blasted_case47,118,3013462461.2,66.3242573261261,3038995589,3002395471,0.012043491649832731
baital_blasted_case51,132,4027717056.0,90.28480627536774,4046828282,3991905344,0.013571847919590081
baital_blasted_case54,203,46982672072.4,68.43553621768952,47117544175,46855704562,0.0055571574789105615
baital_blasted_case55,149,9382493398.6,73.63831651210785,9402840835,9350389666,0.005578225763937437
baital_blasted_case56,202,47120485276.5,67.53133199214935,47246012048,46882803587,0.007687600397489532
baital_blasted_case57,288,137844046277.6,118.61498577594757,138530231804,137057004086,0.010634701890085635
baital_blasted_case59,93,995411299.4,71.58243424892426,999682504,992661668,0.007023065795297744
baital_blasted_case6,329,563117686214.3,66.98579399585724,564927910451,561197666106,0.006603044877039314
baital_blasted_case60,15,25593.0,64.15114884376526,25593,25593,0.0
baital_blasted_case61,282,260009945085.6,67.07552683353424,260540284731,259079177950,0.005607987964350882
baital_blasted_case63,96,1225812847.9,64.97825496196747,1230474489,1222065308,0.0068340961760483925
baital_blasted_case68,178,23219308141.7,81.71926608085633,23344608643,23086188279,0.011069809220275307
baital_blasted_case8,160,16674845073.3,57.84321093559265,16722159351,16570931577,0.009043555370195444
baital_blasted_case9,279,270420196303.6,57.815185976028445,271271151561,269687122294,0.005839283896886483
baital_blasted_case_1_b12_1,427,1359342974843.6,108.71872909069062,1364200577159,1353263793870,0.008016990662602027
baital_blasted_case_1_b14_1,238,104676162784.0,79.0046748161316,104938267294,104508316678,0.004097176626667849
baital_blasted_case_1_b14_2,270,178375509788.9,82.10572736263275,179367833793,177676224554,0.009430950930433864
baital_blasted_case_1_b14_3,304,322539899109.8,83.94500417709351,323991177570,321674050019,0.007151822985980451
baital_blasted_squaring51,496,2643123579193.9,106.8203007221222,2668804222452,2619292695446,0.01855195169037563
baital_brutus,1221,399077698111179.6,81.44557666778564,400716907026268,397098993068392,0.009028603221971956
baital_buildroot,565,13722533150416.1,18.966891050338745,13735066136052,13709297380539,0.0018761289722050772
baital_busybox_1_28_0,998,247652318093046.8,16.180248641967772,247888131402113,247467431601901,0.0016971357113082582
baital_calm16_ceb,1173,332174257375396.6,82.84890711307526,332910826101407,331028990414245,0.005652671945816444
baital_calm32_ceb,1173,333432683178529.0,81.94436604976654,334278680235246,331717062493692,0.00766312030354817
baital_ceb_v850,1189,352574767649027.4,80.92794616222382,354346076608702,351462653558894,0.008137307677861246
baital_cerf,1276,491974055441896.0,81.72446708679199,494817215252199,489503665473388,0.010738409285341425
baital_cerfpda,1291,525779882309201.8,81.32813563346863,527535005185156,523529037704925,0.007593747222186653
baital_cma230,1212,391505770384291.3,81.05805356502533,393504297608652,389270915972882,0.010758158580469137
baital_cma28x,1204,372290099768933.7,80.1318587064743,373931043182627,370775746117724,0.008438178970238533
baital_cme555,1266,484557602965141.6,77.88285443782806,486517692597858,482369129786748,0.008527054358409709
baital_cq7708,1238,424123318426570.5,81.91470081806183,426956371592435,422470839840462,0.010505831626878282
baital_cq7750,1267,495841029037124.5,80.70102093219757,497598500179562,494470177153641,0.006286841750511953
baital_csb281,1233,427962362726419.3,80.21772723197937,429267187678615,426452128952222,0.006557824141221309
baital_dreamcast,1252,476659807748410.4,80.70983202457428,478048953859420,474871957170469,0.006645755969764679
baital_e7t,1266,486936193297251.5,80.04025213718414,488734713719462,485794882971911,0.006015187104631345
baital_ea2468,1395,702177694894192.6,85.85686826705933,704191023408755,697851852705719,0.009002061219625008
baital_eb40,1240,436596058307548.5,79.55904746055603,438255927862197,434319759624096,0.008981437529667981
baital_eb40a,1241,436360343713239.6,79.17185821533204,437351939347841,434603614418236,0.006284012216118614
baital_eb42,1234,423678558656344.8,79.21383285522461,425146848492408,421241026548586,0.009186994935214127
baital_eb55,1270,492663334120800.5,79.30255694389344,495301329265206,490697950603857,0.009294097127052429
baital_ebsa285,1245,504777896936912.7,72.23950653076172,506198963105684,502819462193315,0.006676230412711117
baital_ec555,1267,483131378256180.3,78.85629448890685,485109600458147,481694666940572,0.007039509245642366
baital_ecos-icse11,1244,462493057473805.8,79.00992028713226,463769328590045,460842917922470,0.0063100565025977365
baital_edb7xxx,1246,437896044158505.9,80.82721202373504,439618962385780,436657696682652,0.006735982649741556
baital_edosk2674,1194,356864994296931.2,80.79322845935822,358692046373956,355625063343592,0.008550462886948162
baital_embtoolkit,2128,8124798859155955.0,55.89321084022522,8149620992197611,8106225084283838,0.005324898906994563
baital_excalibur_arm9,1233,411334891088443.2,83.05172579288482,412749338365334,410067316440755,0.0064979436071320364
baital_fads,1187,352073817821743.5,78.8752590894699,352892872391257,351436873129662,0.0041258959177297135
baital_financial,771,11804443501132.1,137.90092053413392,11930450851422,11697572662859,0.01951964694907092
baital_flexanet,1265,476420795763739.5,81.88570899963379,477856470589919,473361289823583,0.009406968499948636
baital_freebsd-icse11,1396,1190039087308126.0,32.79364194869995,1192070189198491,1188229165205530,0.003222145833160696
baital_frv400,1238,447451884834923.7,79.99687843322754,448417414551026,446771995518523,0.003669391462306301
baital_gps4020,1213,384889195647987.4,80.91326329708099,386900897925475,383326608478026,0.009238255756484393
baital_grg,1241,447701581367749.6,77.93837187290191,449318146091344,446058632724831,0.007254355059700523
baital_h8300h_sim,1182,341820388642040.7,79.04665229320526,342960820690549,340811743680709,0.006266246405384877
baital_h8max,1202,375159726679206.6,79.06936252117157,376788937386140,372577722821640,0.011176587597592528
baital_h8s_sim,1183,344455437208043.5,79.31886003017425,346129230611016,342980595992505,0.009096702445363454
baital_hs7729pci,1298,525915900877328.4,82.59267702102662,527320685275280,523975632764724,0.006343488135326541
baital_innovator,1256,463762711485810.8,80.30352404117585,464965243030478,462957132101519,0.004318840943617307
baital_integrator_arm7,1259,464673192215430.2,80.34503486156464,466447863401481,462046631598526,0.009435635037236245
baital_integrator_arm9,1267,486814627978707.2,79.0246945142746,488420866351081,484298553747723,0.008440082902590094
baital_ipaq,1258,451407669202381.9,83.22645244598388,452609229345289,449884830000695,0.006019319023907034
baital_iq80310,1258,471911275068990.3,80.81508407592773,472915713445064,469261605468837,0.007726763717804605
baital_iq80321,1256,481867232517997.7,78.40577330589295,482921490755701,480201200950774,0.005632985603250224
baital_ixdp425,1247,457028967749311.3,79.91657943725586,458687307881788,454914513692452,0.008225198571023721
baital_jmr3904,1199,361343246284642.5,81.3199324131012,362299917543091,360666914863051,0.004507322803477522
baital_jtst,1241,436112994469575.1,79.35789482593536,437335449398264,434708050765561,0.0060077421949628704
baital_linux,1232,412378291495985.7,81.02749123573304,413752023685092,411033178727485,0.006571194343393282
baital_lpcmt,1249,446124460211128.7,81.8936987876892,447272798139469,444820588623685,0.0054825813820659625
baital_m5272c3,1323,616580943170048.0,82.85959575176238,618689207351085,614690775283601,0.0064627474020490325
baital_mac7100evb,1234,423938768681877.1,79.99843540191651,424890378652048,422357738978489,0.005960689629154992
baital_mace1,1234,434431591025621.5,79.19199063777924,436682648186951,432883688676613,0.008699588880187433
baital_malta_mips32_4kc,1232,415473428835639.6,80.00081686973571,416931959308024,413677825187224,0.007804952458431922
baital_malta_mips64_5kc,1232,423019946058127.8,79.23091077804565,424627403515520,421272571433327,0.007900649026459693
baital_mb93091,1250,497014799451724.1,79.02767770290374,499780624971419,493916140199595,0.011734117888542344
baital_mb93093,1230,445120166856740.6,79.40433797836303,447218738896513,443460023945518,0.008404645476773663
baital_mbx,1295,551423355915503.6,79.08762891292572,553324262096938,549024431364416,0.007770905826950172
baital_mcb2100,1249,439714657004591.5,81.40658917427064,440676808654882,438457331986660,0.005036517975603733
baital_min-1s,168,26921391788.9,32.30382921695709,27011048227,26840228869,0.006324055126052106
baital_moab,1277,517616662783586.0,79.69762568473816,518639149279977,516190763500777,0.004720788591835144
baital_mpc50,1213,392607503533000.8,79.66467671394348,393814132659225,390372224302422,0.008739931026755075
baital_nano,1265,477442042753453.8,80.52228426933289,478491724937787,476368160403488,0.004438038159542056
baital_npwr,1258,491974740393534.9,78.58437037467957,494069526930631,490262428926414,0.007705591615553188
baital_ocelot,1266,479162041698509.9,80.92979352474212,482599942944613,477175833734772,0.011239349049122275
baital_olpce2294,1274,490977390682102.8,80.21312420368194,492443638544207,490011384715663,0.00493915168796653
baital_olpch2294,1261,461990331451511.2,80.4827764749527,463125919803594,460922628297193,0.004757435099584555
baital_olpcl2294,1273,483457643728684.9,80.35901091098785,484510397811693,481675579581053,0.005850892454410781
baital_or-100-10-2-UC-30,200,26666031638.4,89.61265449523925,26819717596,26453116728,0.013669080097050548
baital_or-50-5-3-UC-20,100,530383684.5,105.34651968479156,536288780,527988991,0.015476342801727085
baital_or-60-5-2-UC-30,120,1995451321.4,88.17110531330108,2008177601,1976534112,0.015757315978548254
baital_or-70-5-1-UC-20,140,3173121414.1,102.26567862033843,3198836442,3152492875,0.014487632562740448
baital_p2106,1249,439765744702837.1,81.27311751842498,441125245117259,437918072949624,0.007270434424541892
baital_pati,1248,424171266397989.6,82.45926437377929,425994015116917,422324772193270,0.00861336730902182
baital_pc_i82544,1259,479461921842727.9,77.570831656456,480744482143965,477767004521563,0.006193472276839065
baital_pc_i82559,1259,468784356257948.7,78.998171210289,470730941330531,466843678879062,0.00825792848985361
baital_pc_rltk8139,1257,474745994873538.8,79.31097688674927,477277879739351,472987741494503,0.008988764044943613
baital_pc_usb_d12,1281,525726690698142.2,80.55721290111542,526684134208901,523591449921121,0.0058719906048154006
baital_pc_vmWare,1255,492308995701824.8,76.45103104114533,493238119753322,491197302844214,0.00413758958883521
baital_phycore,1274,497064293948898.8,78.07211883068085,498154420084940,496248736672884,0.003825487309198347
baital_phycore229x,1360,645272048214724.6,84.29538526535035,647560419622413,643030626676343,0.006995166487648031
baital_picasso,1248,451610871337317.3,79.03124017715454,453103444729987,450372713863853,0.006026727225084979
baital_pid,1229,408891022744764.4,79.88959484100342,410102534636951,407997833769799,0.005132133282266143
baital_polynomial.sk_7_25,313,104423984500.4,109.79714574813843,105372556579,103313300796,0.019542619538286832
baital_prpmc1100,1223,438242474892735.6,78.20605707168579,439945241530395,437206918944780,0.006224235034545349
baital_psim,1181,342013531499275.3,79.24171345233917,342852371765421,341467170303432,0.004040227153326367
baital_rattler,1311,592451441214114.9,76.83551533222199,594342676248093,589205809858940,0.00864293713784865
baital_ref4955,1218,397922858211787.1,79.21411776542664,399619073333372,395434842463957,0.010470548451335836
baital_refidt334,1263,502585602956319.4,77.19726793766021,504852668141876,501491385367421,0.0066579479253349155
baital_registerlesSwap.sk_3_10,372,293085691206.9,112.11938099861145,294505940590,290759510691,0.012721067328878222
baital_s27_3_2,20,147510.8,84.89005494117737,149097,146085,0.02020161371456166
baital_s27_7_4,24,317717.3,88.43488569259644,320115,316140,0.012417412492385548
baital_s27_new_7_4,17,51381.5,94.50217454433441,51825,51006,0.01580318379160637
baital_s298_15_7,292,336031584729.1,55.000564670562746,337738947718,334885620607,0.008448321196826925
baital_s298_7_4,223,84978018518.3,56.00866444110871,85487981298,84832045518,0.007672842077221277
baital_s344_3_2,197,49274910443.9,52.893135976791385,49440068017,49068569620,0.007514115815379947
baital_s344_7_4,215,75967568214.0,52.95580849647522,76136417309,75684172421,0.00593992866993678
baital_s349_15_7,285,301511015251.7,53.955919575691226,302406617222,300079623930,0.0076949152547535985
baital_s349_3_2,198,46277443597.2,56.90355618000031,46409312054,46054867936,0.007637349107601146
baital_s349_7_4,216,72986908778.9,57.09118762016296,73295775126,72777055386,0.007077075576433819
baital_s382_15_7,350,820559608048.9,59.21282587051392,822384117886,819203955927,0.003867003131304195
baital_s382_3_2,263,196289055402.5,55.7995721578598,196939051624,195828745907,0.00563781387106412
baital_s382_7_4,281,269525268869.1,55.64826500415802,270288693773,268598912097,0.00625176603731398
baital_s420_15_7,366,726804821298.4,79.85453972816467,729854200602,724958352963,0.006707980354106061
baital_s420_new_15_7,351,572340633631.5,77.27291877269745,573069677833,571276307070,0.003129411365440647
baital_s420_new_3_2,294,236619360656.7,80.50769243240356,237917280180,236059113375,0.007810138059724687
baital_s420_new_7_4,312,316010353551.1,79.1377022266388,317195450985,314732560911,0.007764581952079977
baital_s444_15_7,377,1138573494967.0,60.144374108314516,1142342681377,1136298023171,0.0052914579001054765
baital_s444_3_2,290,305514653864.6,58.51897463798523,306420982053,304418108649,0.0065363454897275075
baital_s444_7_4,308,435894583309.3,57.52149167060852,437896061994,434613293523,0.007496684158454433
baital_s510_15_7,340,389370998002.6,86.72170588970184,392315732748,385448006763,0.01750560941539251
baital_s510_3_2,298,217476842928.2,83.3915901184082,218821647769,216186788411,0.012041127488362122
baital_s510_7_4,316,280847813887.9,83.34374370574952,282711256920,279056771048,0.01292656653227687
baital_s526_15_7,452,2075314922328.9,90.46221108436585,2088296213729,2062278051410,0.01245903820921087
baital_s526_3_2,365,1007337413585.6,61.39794991016388,1009787490156,1004756824462,0.004981905344482751
baital_s526_7_4,383,1280688130334.4,59.41016266345978,1283734926515,1275861013766,0.006133597042791058
baital_s526a_15_7,453,1670423918744.6,98.96528317928315,1682587668607,1664533474471,0.010730016909577682
baital_s526a_7_4,384,1283781103144.2,59.198749208450316,1287348905683,1281545484386,0.004508040727250247
baital_s641_3_2,489,4446588278916.1,62.620649790763856,4469845356823,4428075438631,0.009344824005653857
baital_sa1100mm,1222,408291687303003.5,80.178928565979,409974772696137,406988161070474,0.007284866837103173
baital_sam7ex256,1332,617104300483325.5,80.87820408344268,619207025319426,615470066501170,0.006035071737644193
baital_se7751,1295,519017463886904.8,82.06238887310028,522218524582556,516959396170785,0.010070742733561532
baital_sh4_202_md,1258,474133161013955.7,82.99233810901642,475163490010151,472933366140602,0.004693382207251145
baital_sh7708,1253,453288768526246.5,81.76016170978546,454682903322678,451908477021133,0.006101892728471591
baital_skmb91302,1217,419644292201983.7,79.68101997375489,420942259809496,418260590942977,0.006370633510953809
baital_sleb,1188,356404015765138.0,79.3547798871994,357838781107686,355325291329639,0.0070240843383898195
baital_smdk2410,1265,504977596214862.3,80.20379796028138,507078170591810,503466295871079,0.007122915026130168
baital_snds,1218,412012605006631.6,78.30280873775482,413408015971216,411130713285111,0.005508607956609046
baital_sparc_erc32,1168,328836205343602.0,77.4891114473343,329860260765025,327799166652177,0.006248385628713895
baital_sparc_leon,1168,323099628638571.7,79.03047199249268,324313970110964,321591540682380,0.008394425400954886
baital_sparclite_sim,1168,324841821181990.6,79.45181775093079,326366949680060,323879842020266,0.007620586772748069
baital_stb,1252,441588751713388.3,80.4743136882782,442257472173775,440240969754568,0.004559566646314709
baital_stdeval1,1190,362883281134468.6,78.32034935951233,364911084659304,361552200964827,0.00920466337056599
baital_stm3210e_eval,1269,482484392318720.3,79.24512734413148,484119349239365,480972364489853,0.006500431669290757
baital_tire-1,352,266910015356.6,105.1802747964859,269193917177,264606339495,0.017041906927575866
baital_ts1000,1297,547198059613670.5,78.77051241397858,550170956022471,544823033515865,0.009720474060043931
baital_ts6,1240,450933783781242.6,78.68835954666137,452084524481728,449938518988911,0.004746912085250411
baital_tutorial1.sk_1_1,67,10430065.7,151.90673253536224,10720887,10090375,0.058811551693437304
baital_tx39_sim,1179,336884489875249.9,81.24213075637817,338049194324740,335289452858077,0.00816372738936899
baital_uClinux,1850,741489126785511.8,148.6942131280899,745919851753499,733017191132437,0.017297650130547657
baital_uClinux-config,11254,8010249470569930752.0,154.76091129779815,8031879000533197824,7966025313505925120,0.008199038733389907
baital_uE250,1249,448886601762936.1,80.98336896896362,450105327186637,447494178165200,0.005801195550734467
baital_vads,1240,448785588486902.2,78.44404039382934,450097279599349,447726819450395,0.005266550713357008
baital_viper,1301,557259660350778.4,78.27796757221222,560495995898164,554807342408030,0.010149320480012075
baital_vrc4373,1247,443609645611090.0,79.41474213600159,444902531500451,442120799665328,0.00625245225227535
baital_vrc4375,1258,479458979257567.9,79.99755511283874,481647913504197,476875801477272,0.009907884770445324
quick_4step,165,4014112039.1,104.31265127658844,4043587280,3932703199,0.027422205413604923
quick_XSEngine,1260,80396047666071.0,120.07079308032989,81506967105664,79264962043378,0.027506913113077923
quick_aaed2000,1284,87730251813266.5,124.97734625339508,88456469716310,86722412604914,0.019603507996162624
quick_adder,1272,82141211417102.3,121.12455849647522,83192940350511,80431452198924,0.03319377990430696
quick_adderII,1276,85257517324906.0,122.65674958229064,86583693423089,83639443486198,0.03400467016928924
quick_aeb,1213,73881886689682.8,121.67479000091552,74280500862629,73147907087100,0.015247524752472628
quick_aim711,1264,85313704781597.1,119.70163650512696,86282103583516,84377847071964,0.022070121525361187
quick_aki3068net,1207,54727449212493.1,125.82379257678986,55288464514181,53858425509878,0.025865051903118195
quick_am31_sim,1165,47717276448366.1,125.24794676303864,48588839508044,46894578596997,0.03486934300553754
quick_asb,1231,79421195829271.3,122.25327422618867,80009735578380,78014506653151,0.024937326824113953
quick_asb2305,1242,73747522927583.7,121.21665031909943,74361220996068,72953909777871,0.018925337687387012
quick_assabet,1266,92411514378914.6,121.84293458461761,94086731982581,90606312523187,0.03699160748869837
quick_at91sam7sek,1296,105253223760278.9,119.94278371334076,106546119946553,104189811524658,0.022115384615385345
quick_at91sam7xek,1319,97685283637282.6,122.96325998306274,98680291260423,96069701544538,0.0264550264550345
quick_atlas_mips32_4kc,1216,61284994731739.6,124.49796543121337,61678146377057,60665483048210,0.016418511066404063
quick_atlas_mips64_5kc,1209,62787827610944.1,125.58969676494598,63209319525688,61555180775607,0.026169222552835186
quick_blasted_case1,187,17014775805.1,94.97202324867249,17159330387,16950900953,0.012146711398360117
quick_blasted_case10,328,93433026200.0,122.38211376667023,94424192576,92123023088,0.024370549805314334
quick_blasted_case100,72,135254719.3,110.33255083560944,136070192,133762846,0.016957027590583543
quick_blasted_case102,34,3943363.6,76.0683449268341,3959248,3930710,0.007207934436034317
quick_blasted_case103,32,3200948.3,70.27200293540955,3211666,3189375,0.006940634549171676
quick_blasted_case105,170,4648268127.3,109.82029142379761,4710611117,4586428919,0.026362226665632014
quick_blasted_case106,204,10974644760.6,115.85674278736114,11079859747,10806376750,0.0246828933980007
quick_blasted_case11,105,1093015277.8,94.18196740150452,1095667793,1089974483,0.0051962009254752275
quick_blasted_case112,137,2777209513.1,114.81765775680542,2803784025,2764036184,0.014176498847838325
quick_blasted_case120,284,55190331663.8,111.74858334064484,56019529469,54418204153,0.02858512613687944
quick_blasted_case121,291,43940598843.5,132.70182738304138,44537544632,43437008849,0.02471029312669542
quick_blasted_case122,314,87825348507.8,136.24353728294372,88489296500,87075693902,0.01597484276530552
quick_blasted_case123,267,49450160853.8,120.93089351654052,50091246147,48844008067,0.02489932225562526
quick_blasted_case124,133,3528843419.7,94.34156019687653,3549710402,3512245674,0.01055430549458102
quick_blasted_case125,393,273199214066.6,133.7092953443527,276044644970,270746019104,0.019194814906030307
quick_blasted_case126,302,88882402048.2,128.6890371799469,90438580547,87886118459,0.028223155124305736
quick_blasted_case127,36,3982815.8,89.67227303981781,4012248,3949994,0.015515990038502106
quick_blasted_case134,60,49052923.6,99.5032425403595,49458466,48758914,0.0141442316468125
quick_blasted_case135,236,36430754631.5,104.23709943294526,36923615365,36070485585,0.023105261268881166
quick_blasted_case14,247,30578514712.3,114.52864227294921,30896552800,30216941630,0.021996342905930916
quick_blasted_case140,488,531194025826.5,127.94759318828582,536640049536,526942350334,0.01807114323723138
quick_blasted_case145,219,21422165948.5,107.08661437034607,21644973864,21264570106,0.017574692415438253
quick_blasted_case17,77,308618539.9,71.98469052314758,310717664,306937188,0.012166916908850087
quick_blasted_case19,397,264062842353.9,129.60694377422334,266327339751,261711457766,0.017331611502279756
quick_blasted_case2,296,125488692548.0,106.0136786699295,126206493790,124850279461,0.010745994823821497
quick_blasted_case200,14,7063.0,52.48460202217102,7063,7063,0.0
quick_blasted_case203,214,14700983568.3,123.02457733154297,14887347461,14614895057,0.018300936732600387
quick_blasted_case22,126,2098756556.1,101.77703385353088,2111059669,2085570709,0.012074012106002676
quick_blasted_case24,65,133341401.8,69.75047767162323,134026949,132888724,0.00849250847305343
quick_blasted_case25,68,148636247.7,82.17697622776032,149401340,147734103,0.011159451448025834
quick_blasted_case31,53,41453993.4,78.4506959438324,41634732,41237340,0.009544723381430677
quick_blasted_case32,52,39395178.8,75.53553872108459,39599202,39202311,0.01002270197263066
quick_blasted_case33,51,36448864.2,74.11141436100006,36618889,36324371,0.008042789064408808
quick_blasted_case35,400,289050586552.4,130.11633620262145,293440252707,286634860210,0.02319174835156369
quick_blasted_case36,64,113774751.0,69.10539393424988,114407564,113220824,0.010372915553031091
quick_blasted_case39,245,44085524588.6,114.59743628501892,44456661314,43750113960,0.01589294681869191
quick_blasted_case4,103,1249728042.5,75.43174276351928,1254209268,1243352283,0.008656438185401768
quick_blasted_case43,116,1465871580.1,111.78038046360015,1470429647,1460538134,0.006726954275018096
quick_blasted_case44,173,8442050992.6,119.34475674629212,8511676723,8334172391,0.02085421448401031
quick_blasted_case47,118,1028570048.5,105.027916264534,1037648933,1021167022,0.01588389914529985
quick_blasted_case54,203,16981966224.3,114.90563125610352,17094297888,16862718042,0.013547198458648973
quick_blasted_case56,202,19608317741.2,102.87807145118714,19722882002,19530134560,0.009772782800224351
quick_blasted_case57,288,58791871615.6,133.87752985954285,59570268950,57992582543,0.02648446003029167
quick_blasted_case59,93,779471284.4,73.09902393817902,783562859,776483320,0.009035061984733505
quick_blasted_case6,329,92625486166.9,122.76356542110443,93615056648,91841431035,0.018945943916575003
quick_blasted_case61,282,37993959826.2,117.03565719127656,38601080471,37392670650,0.03130507763656635
quick_blasted_case63,96,944940669.3,73.00607433319092,949408996,938624808,0.011358843286123655
quick_blasted_case68,178,13851554036.6,96.06309044361115,13913695711,13715033069,0.014278208042377965
quick_blasted_case8,160,6711825898.4,110.51455650329589,6763180330,6674593472,0.013098402478941442
quick_blasted_case9,279,44339619221.7,116.84028782844544,45120275506,43751133930,0.030344264538409885
quick_blasted_case_1_b14_1,238,29242291868.5,120.52306234836578,29407519685,29053361646,0.012043111516835833
quick_blasted_case_1_b14_2,270,41307275881.4,126.16098008155822,41715083832,40830242076,0.021211554064317385
quick_blasted_case_1_b14_3,304,62387477094.4,138.22931370735168,63437277740,61153252011,0.036004472612478154
quick_brutus,1221,61706208117959.2,128.2280394554138,62766246773404,60425243624190,0.03729716638411388
quick_buildroot,565,524404822944.5,130.0723663330078,537097532272,516333452416,0.03865979381466332
quick_busybox_1_28_0,998,8156225117881.8,128.90067336559295,8299595181375,7985915505778,0.037794575366871384
quick_calm16_ceb,1173,55684098284853.2,125.2488603591919,56438490564728,55253016982067,0.021004700352526398
quick_calm32_ceb,1173,48012923601528.9,123.41185195446015,48824102553021,47083197291771,0.03565667713726939
quick_ceb_v850,1189,67079953830745.3,117.95483484268189,67889086698876,66363090500208,0.022477783585992252
quick_cerf,1276,91079676803115.1,123.62602245807648,92522738360167,89995485195453,0.027314941272879964
quick_cerfpda,1291,84854162004334.0,125.43411848545074,86208688132265,82685044495807,0.040873416737903234
quick_cma230,1212,64119374424959.7,119.2986522436142,64936265714077,63266350466749,0.025716219264607217
quick_cma28x,1204,72523652807051.0,119.57126517295838,73407891745000,71768837730746,0.022328035518955496
quick_cme555,1266,84187884525382.3,124.30678353309631,86105455944808,83013774435503,0.03590575620767528
quick_cq7708,1238,69999275289683.3,122.16200904846191,71306921834326,68738330407349,0.036021628208055975
quick_cq7750,1267,78705680246295.8,124.31195666790009,80348507192072,76518903175935,0.04766241651487543
quick_csb281,1233,76600461895924.7,120.25861592292786,77581741346108,75921442059464,0.021400644763012802
quick_dreamcast,1252,74042981422299.2,118.15171217918396,75547027956056,72663027345109,0.0381749049429788
quick_e7t,1266,90800681498231.5,120.79687366485595,91881858921918,89652689739374,0.024261254710120386
quick_ea2468,1395,123893265673214.6,124.04257464408875,125539277754517,122112965863624,0.02729274815164148
quick_eb40,1240,80643273247553.3,120.24333593845367,81624851780365,80091990714067,0.0187793427230055
quick_eb40a,1241,73838146553738.6,123.13849191665649,75078740426963,72808624035108,0.03023647411963952
quick_eb42,1234,70223579539343.1,121.34811689853669,71330674350232,69225484410607,0.02951310861423467
quick_eb55,1270,77795865227023.4,126.95194261074066,78738755655246,76838165001499,0.02413793103447873
quick_ebsa285,1245,76616357956976.6,119.71144788265228,77231371263509,75968946129301,0.016346014754816122
quick_ec555,1267,95624846397207.1,123.06547892093658,96843855701070,94404617474231,0.025187330772622776
quick_ecos-icse11,1244,28615956784544.6,132.77932934761049,28896914462705,28229292257175,0.023103581055051677
quick_edb7xxx,1246,65772066818737.5,128.65152330398558,66622869862610,64906681784660,0.025759744086214408
quick_edosk2674,1194,52580864461193.6,125.62827367782593,52972278543651,51948440781668,0.0193278029590387
quick_embtoolkit,2128,359570766335176.0,139.5131719827652,365727547994916,355997707124942,0.02660406885758919
quick_excalibur_arm9,1233,62341577477453.1,124.59330995082856,62947693146520,61643932488738,0.020711809958584276
quick_fads,1187,61994777018801.9,120.856090259552,62643158563090,61468681817331,0.01874868337898616
quick_flexanet,1265,82045821545679.9,123.1410412311554,82976317914270,80453450647026,0.030404666423624535
quick_freebsd-icse11,1396,44001554567609.8,142.55665941238402,45098546232730,42918436329149,0.048341023950763146
quick_frv400,1238,63367639241851.6,121.26580731868744,64421141856722,62042615334489,0.03692152069460429
quick_gps4020,1213,59065010544015.1,125.74359807968139,59385176663245,58635017149583,0.012632100396297934
quick_grg,1241,74945721500369.6,122.7314266204834,75749331709786,73649611463568,0.02771932370654484
quick_h8300h_sim,1182,57941097298359.8,120.32832672595978,58688321469116,56961307679645,0.02942687311954934
quick_h8max,1202,56609685084013.7,122.99989867210388,57495492285512,55991821679055,0.026152843408837154
quick_h8s_sim,1183,49343170016767.0,126.2949423789978,50023499996838,48734635826074,0.02576517378523033
quick_hs7729pci,1298,83817655273778.6,125.10284287929535,84782627212009,82235982296565,0.03003734372462666
quick_innovator,1256,89954613319691.1,121.69618546962738,90983770170782,89144947663160,0.020210445271397523
quick_integrator_arm7,1259,74900694515117.8,124.55178682804107,75837063965814,73999771226593,0.024226844278270303
quick_integrator_arm9,1267,75665779606097.9,121.62105510234832,76549393653770,74829730703849,0.02246474946227491
quick_ipaq,1258,80882885682490.8,123.79399425983429,81720211874145,80496291650223,0.014976958525351417
quick_iq80310,1258,75157528096550.3,122.47143454551697,76041928142970,74300195516621,0.022904898243430737
quick_iq80321,1256,69836727579952.5,121.81941502094269,71171187342627,69052163310034,0.02977362204724439
quick_ixdp425,1247,62942032253952.8,122.50588963031768,63979832207826,62093435113157,0.029484245731395593
quick_jmr3904,1199,58886631770640.5,127.99947440624237,59717936534389,57580692233600,0.03578898442946455
quick_jtst,1241,74440579378308.1,123.05515005588532,75326089670627,73627624864131,0.022548161120838153
quick_linux,1232,66255018682328.8,122.57378945350646,67123141107389,65188680270106,0.028819581523875558
quick_lpcmt,1249,75300996649519.7,126.89777071475983,76029847811156,74173661441569,0.02441391667911031
quick_m5272c3,1323,109799367865271.5,124.75494718551636,111675904733307,108684653470700,0.026785108835700962
quick_mac7100evb,1234,65738028893873.4,122.795166349411,66217306908047,65218143154976,0.015089163237316398
quick_mace1,1234,66252037198929.0,127.46130814552308,67280588121208,65367750561853,0.028430749682344717
quick_malta_mips32_4kc,1232,66753738585858.7,119.03976354598998,67610731236239,66057862673707,0.022967782393982904
quick_malta_mips64_5kc,1232,63323118037985.4,122.34044392108918,64017403982326,62400936707335,0.025250434638637895
quick_mb93091,1250,66541100051928.6,125.87532181739807,67199358546725,65911337595868,0.019167161394277512
quick_mb93093,1230,66223826186934.7,121.6689665555954,67646355229926,65559348466927,0.030851725209811914
quick_mbx,1295,98128668704601.5,121.39197828769684,99188658622524,96970707959862,0.022360930104949946
quick_mcb2100,1249,87463274678501.8,120.52232277393341,88324953855576,86832057784624,0.016902313624676212
quick_moab,1277,75202866934646.6,126.37036917209625,75938016965241,74314217070227,0.021383227530911948
quick_mpc50,1213,65697793485729.0,122.91681218147278,66568076581644,65126593594607,0.021654268247769767
quick_nano,1265,82115397021875.0,125.62618591785431,83829373752835,81451707479389,0.028363163972289492
quick_npwr,1258,81466013058407.3,117.78149821758271,82285098131339,79713688814735,0.031249999999995823
quick_ocelot,1266,68005452546815.7,129.88352525234222,68776247013477,67045148329485,0.025170007948424167
quick_olpce2294,1274,72516895654605.7,126.86963028907776,73356273973271,71720144464894,0.022303879678691973
quick_olpch2294,1261,87992316955366.9,121.64342265129089,89763286939161,86791820826474,0.0331033567732538
quick_olpcl2294,1273,98325732770677.4,123.38914048671722,99505866351274,97432827468956,0.02083333333333124
quick_or-60-5-2-UC-30,120,590243628.9,120.72216303348542,597222417,581981880,0.025519030374909723
quick_p2106,1249,80981948694421.0,118.64999179840088,81359997661438,80701533995162,0.008093211470040275
quick_pati,1248,87716389886094.0,121.8165109872818,88808116863838,86320494542722,0.028011204481793728
quick_pc_i82544,1259,71764890701683.7,122.4956282377243,72936386361450,70939585892458,0.027377288190512748
quick_pc_i82559,1259,74411537477151.7,126.25831341743469,76020202470366,73863894271603,0.028364936276032236
quick_pc_rltk8139,1257,74472580122453.0,124.80915396213531,75786581481052,72721359756933,0.04044544118783561
quick_pc_usb_d12,1281,78526475612862.0,122.30811448097229,79366010535149,77813225298993,0.01956486442604186
quick_pc_vmWare,1255,65608484337236.5,125.63364541530609,66352713865344,64817740463622,0.023133543638276355
quick_phycore,1274,83945981170591.8,128.6059631586075,85085003131021,83122901460056,0.023060487732997927
quick_phycore229x,1360,135019129705750.2,121.97234852313996,136771924826533,133120268324902,0.02669887483313826
quick_picasso,1248,69456676680393.7,119.0580560207367,70953773022738,68760142430481,0.030916334661357958
quick_pid,1229,68322150338290.9,124.47469491958618,69057224969505,67591264166514,0.021228203184219377
quick_prpmc1100,1223,70049459202740.4,125.27657263278961,71017578848215,69500262042379,0.021365369397891507
quick_psim,1181,52867521804410.2,124.00711970329284,53752678404270,52161626570220,0.029599489388860114
quick_rattler,1311,89293931391955.0,119.61256506443024,90112212502678,88339631847266,0.019670814933761854
quick_ref4955,1218,65824057750132.3,123.5264494895935,66482223251721,65250978282969,0.0185199126703412
quick_refidt334,1263,73415217626642.3,122.93688101768494,74464418035526,72345609429485,0.028453973883609002
quick_s27_3_2,20,147510.8,87.46156334877014,149097,146085,0.02020161371456166
quick_s27_7_4,24,317717.3,88.15770380496978,320115,316140,0.012417412492385548
quick_s27_new_7_4,17,51381.5,92.74302227497101,51825,51006,0.01580318379160637
quick_s298_7_4,223,34964056426.7,96.98193047046661,35188324939,34743757269,0.012633953755135294
quick_s344_3_2,197,11003570216.1,118.16054315567017,11053669428,10941158486,0.010178605641579894
quick_s344_7_4,215,11405153941.3,118.17123365402222,11508311991,11344084376,0.014270347825852578
quick_s349_15_7,285,88682021884.1,109.38664350509643,89618286439,88053289482,0.017462919892640864
quick_s349_3_2,198,9017145467.2,111.138010263443,9109377162,8895403985,0.023489331179808275
quick_s349_7_4,216,16796212768.1,112.34382555484771,16927666826,16651410548,0.016319808325603678
quick_s382_15_7,350,196385089078.8,119.38916170597076,197419842683,194864183828,0.012945298812255968
quick_s382_3_2,263,60702032269.4,103.75163221359253,61579789356,60239214897,0.021769714918152473
quick_s382_7_4,281,77415549485.7,107.62307205200196,78232754635,76654352166,0.020175724047608184
quick_s420_15_7,366,92525505820.6,122.49970779418945,94440540081,91036302043,0.03604636351168941
quick_s420_new_15_7,351,78174396057.1,130.00388593673705,79044765672,77426833353,0.020468557345260367
quick_s420_new_3_2,294,37759547916.8,119.5358758687973,38517999658,37327174479,0.030916070137943195
quick_s420_new_7_4,312,48892948841.2,117.47424008846284,49527264294,47835037853,0.03416757345923113
quick_s444_15_7,377,389128013030.6,103.15449144840241,391883707095,387500282899,0.011185522941216271
quick_s444_3_2,290,158294880270.4,90.62080655097961,159073651158,157223697325,0.011629542790606675
quick_s444_7_4,308,174668534733.3,101.73877532482148,176451330534,172890789346,0.020178602095119524
quick_s510_15_7,340,57137487142.4,121.29012005329132,58379823064,55863594559,0.0431009957368582
quick_s510_3_2,298,27904272714.7,125.17289633750916,28465891276,27144184228,0.04643125469654098
quick_s510_7_4,316,38501962319.7,122.45030074119568,39383405925,37452734143,0.04902246864267365
quick_s526_15_7,452,1143892501096.9,104.38979361057281,1158242438151,1136809586148,0.018504633656158436
quick_s526_3_2,365,402996662277.4,107.40308752059937,405680474966,399997246506,0.01400912494119001
quick_s526_7_4,383,293595687921.3,111.70495953559876,296684800716,292347347819,0.014619734096698821
quick_s526a_15_7,453,974708708980.4,106.21121950149536,979492719177,965548137326,0.014236534461140935
quick_s526a_7_4,384,473768958472.4,107.06914339065551,477794603483,470796810521,0.014646027625653127
quick_s641_3_2,489,557277746830.8,128.9502825498581,564925251606,549042369133,0.02811501597396697
quick_sa1100mm,1222,71747365995365.2,122.35174007415772,72691175972470,71236029592675,0.020018198362151976
quick_sam7ex256,1332,112077427366832.1,120.66933255195617,113213400173220,111278329254752,0.017092242751364076
quick_se7751,1295,85574115459787.3,125.01247639656067,86486468784520,84343356947899,0.024779735682821522
quick_sh4_202_md,1258,92795513054265.6,119.55651514530182,94318352255953,92147070704861,0.023020774845597003
quick_sh7708,1253,65124033591676.3,120.63245060443879,66078643888778,64469361273120,0.02435405027934148
quick_skmb91302,1217,61129090418610.4,123.38332393169404,61713275532283,60452193332972,0.02043453679024559
quick_sleb,1188,52338455074230.3,124.9243339061737,52964397959203,52014661048341,0.017931609674739547
quick_smdk2410,1265,90966607602157.7,123.98362593650818,91875928825819,89377261724208,0.027196101672594182
quick_snds,1218,60176847594676.4,120.72726311683655,60816494371125,59550213976434,0.020821331577642134
quick_sparc_erc32,1168,50340195070367.4,123.66909902095794,51093224730494,49583919592740,0.029540220757551843
quick_sparc_leon,1168,48599219708511.1,125.89794073104858,49344540552074,47928552667460,0.0286959381680672
quick_sparclite_sim,1168,49883346257165.2,121.30342326164245,50582008474158,49397285086458,0.02342183364081454
quick_stb,1252,68198571419280.6,122.145636844635,69170054493605,67320157687381,0.026744186046507006
quick_stdeval1,1190,58806302220234.4,125.37519223690033,59261577967682,57689050190294,0.026535367962114847
quick_stm3210e_eval,1269,78063046506202.3,122.63608386516572,78570129009786,77322398728241,0.015880466244233782
quick_tire-1,352,137203177289.2,120.34317862987518,139229027865,135303880581,0.028192018174585852
quick_ts1000,1297,110460653742841.0,116.74154727458954,111764724077144,109406153125513,0.02110299981596188
quick_ts6,1240,77333935695492.2,119.8137032032013,78564604151577,76506190719691,0.026200264789912803
quick_tx39_sim,1179,51729631611862.7,122.64707119464875,52230977557810,50985054214617,0.023854107302778205
quick_uClinux,1850,193353267055380.6,165.7905561208725,198205965829843,188589831970749,0.04851586489252959
quick_uClinux-config,11254,1557743805717073920.0,191.56334586143493,1604328759321063168,1525555368387203584,0.04910052910052908
quick_uE250,1249,79349980556022.6,119.89485456943513,80673151940581,78175531137467,0.030959752321981886
quick_vads,1240,72917106023030.9,122.32073266506195,74332812707833,71759795917976,0.03461481808808053
quick_viper,1301,103910184039183.7,122.84413948059083,104916316755615,101400074390232,0.03351473320945395
quick_vrc4373,1247,72180873188944.9,121.65443451404572,73214731417545,71210082564704,0.027380403014913072
quick_vrc4375,1258,80493937957484.9,121.35778563022613,81196515239871,79666614959969,0.018841945068484328
waps_4step,165,5094885322.2,98.65631494522094,5127089351,5025517800,0.019810762802522495
waps_5step,177,3622686041.3,114.1454247713089,3662074816,3572793593,0.024379956032006964
waps_90-10-5-q,460,4276176077911.2,34.11158137321472,4284233841217,4263899749259,0.004746260991259011
waps_XSEngine,1260,332438935279340.3,82.25282881259918,333910473522603,331294800949935,0.007833454713396226
waps_aaed2000,1284,354908686708109.6,84.34430441856384,356798548199064,352652456759785,0.01162025871519473
waps_adder,1272,359266498737506.4,81.62948646545411,361170308474445,357761985260324,0.009436886516273968
waps_adderII,1276,366444758937277.2,82.45319180488586,367626881605072,364455178883356,0.008627504898086433
waps_aeb,1213,272283878742926.9,85.92626080513,273705259416199,270714427368265,0.010927199770707038
waps_aim711,1264,324227993894148.7,85.64954051971435,325519393167647,322825713861750,0.00827501943796546
waps_aki3068net,1207,268929117648301.3,83.87917773723602,270081279508290,268139487415491,0.007189658225606109
waps_am31_sim,1165,222072345040309.7,85.09444150924682,223418140941283,220446174993301,0.01330225887414876
waps_asb,1231,281499881594532.9,82.84108552932739,284082594592191,278703921907512,0.018933481976959005
waps_asb2305,1242,292523709814600.6,84.78928155899048,293868657829796,291501063662710,0.00805664062500082
waps_assabet,1266,326663180893662.6,85.62555322647094,328386383338043,325063888670873,0.010117638354541039
waps_at91sam7sek,1296,361629824881674.0,86.46549701690674,362803198176983,360084906142449,0.007492469879518428
waps_at91sam7xek,1319,406265938648107.6,85.77707455158233,407602560582640,404320676368386,0.008051677127746133
waps_atlas_mips32_4kc,1216,273444415371816.3,82.93303589820862,275841548320346,271984492406062,0.013982867837605974
waps_atlas_mips64_5kc,1209,266095465425558.4,82.82684030532837,266899868759417,265067295217053,0.006866146285054483
waps_blasted_case1,187,29116694477.9,66.585870885849,29218869768,28950073297,0.009199413705398736
waps_blasted_case10,328,541732033017.9,67.26637320518493,545661349231,539631176175,0.01105112734207456
waps_blasted_case100,72,233732558.1,67.36750054359436,234334681,233095667,0.005287369307490597
waps_blasted_case102,34,3946908.9,72.02235217094422,3962580,3933224,0.007408304690378491
waps_blasted_case103,32,3201216.7,67.81789934635162,3211939,3189512,0.006982386651801295
waps_blasted_case105,170,22584560390.2,58.84634289741516,22649523045,22521814375,0.005638470609128008
waps_blasted_case106,204,57858113458.3,56.06655473709107,57951173645,57759355709,0.0033099922561542457
waps_blasted_case108,205,54936958954.3,55.29854121208191,55184769684,54720165121,0.008419072248745928
waps_blasted_case109,241,130231186713.3,53.44375350475311,130350379637,130106709374,0.0018693483185747018
waps_blasted_case11,105,1524306454.2,76.43982865810395,1532220374,1515991167,0.010591953530569617
waps_blasted_case110,287,157591837623.8,106.67569625377655,158512458615,156558660894,0.012325830651238871
waps_blasted_case111,306,213829400918.6,108.28778645992278,214771712234,212606546712,0.010081241609886639
waps_blasted_case112,137,4340168892.7,103.34545264244079,4392178648,4313526868,0.017907236090183735
waps_blasted_case114,428,1656317105585.1,91.91518948078155,1663104641002,1646941327091,0.009718759428908697
waps_blasted_case116,438,1654656634257.4,106.15608601570129,1662059648072,1649602653672,0.007494914165355133
waps_blasted_case118,309,229716000010.5,107.59396696090698,231355633215,228835095008,0.010894648087767331
waps_blasted_case120,284,249903433171.1,70.26344194412232,250709802859,249232689359,0.005891726143754871
waps_blasted_case121,291,258888139997.4,80.64032835960388,260758671333,257574707465,0.012210385379414447
waps_blasted_case122,314,231685570085.8,110.78590683937072,233272255522,229376500330,0.016700465227990173
waps_blasted_case123,267,124675099352.0,96.29291586875915,125321596724,124194900391,0.008990440294830919
waps_blasted_case124,133,6044563623.7,62.42524025440216,6066526958,6027827926,0.006379108222533674
waps_blasted_case125,393,841671235866.3,101.08236980438232,846765142097,836219500356,0.012454033848020588
waps_blasted_case126,302,228159920272.0,100.97950789928436,229264157455,226835201597,0.010594573024249357
waps_blasted_case127,36,3982815.8,91.76739056110382,4012248,3949994,0.015515990038502106
waps_blasted_case131,432,1865140176925.6,85.62252616882324,1873315105754,1858260395928,0.008036400165545323
waps_blasted_case134,60,81585187.2,73.28021852970123,81962353,81069098,0.01089835720065284
waps_blasted_case135,236,72833511816.1,83.00736820697784,73095789795,72502824979,0.0081121610104083
waps_blasted_case136,211,54421419687.4,70.72750914096832,54580402666,54094746448,0.008897996245500986
waps_blasted_case14,247,165330454959.1,50.556226992607115,165564247848,164931162626,0.003823803932484374
waps_blasted_case140,488,4707487771049.3,61.45959334373474,4717318175609,4699760236001,0.0037220172467449246
waps_blasted_case145,219,84698527155.1,55.402149844169614,84928762001,84361779256,0.006675980335063921
waps_blasted_case17,77,313381851.0,72.5102530002594,315359571,311641582,0.011789681816887047
waps_blasted_case19,397,1643684802101.0,60.04458544254303,1649336089770,1637570116084,0.007133763554304305
waps_blasted_case2,296,339273553592.5,62.581060361862185,340194786984,338416823077,0.005226311439874065
waps_blasted_case200,14,7063.0,51.58257007598877,7063,7063,0.0
waps_blasted_case203,214,59245016982.5,78.28491339683532,59435733665,59035921854,0.006726791886737283
waps_blasted_case22,126,2569160279.2,98.20363700389862,2587791495,2553254506,0.013346125090344654
waps_blasted_case24,65,133363606.8,68.6164466381073,134041877,132907384,0.008463720632619909
waps_blasted_case25,68,149175744.9,78.35019545555114,149893504,148285139,0.010730051383681043
waps_blasted_case31,53,42899838.3,73.99397768974305,43077141,42694011,0.008894044291379504
waps_blasted_case32,52,40151853.8,71.85500884056091,40364801,39945013,0.01039985307991485
waps_blasted_case33,51,37556356.7,71.24555034637451,37710461,37445661,0.0070219242347633985
waps_blasted_case34,409,794821333143.7,113.78408823013305,799770229416,789216508393,0.013195941327681614
waps_blasted_case35,400,1570079246681.9,68.85332748889923,1576519930299,1561837577979,0.009313140949138125
waps_blasted_case36,64,47573621.4,97.74062118530273,47905357,47235340,0.013986264625895596
waps_blasted_case38,143,5857150207.0,91.3371859550476,5891815969,5830351108,0.010432243865626415
waps_blasted_case39,245,116516995383.8,69.354847407341,117114610042,116066750873,0.008947296743115257
waps_blasted_case4,103,1610998690.5,60.6026487827301,1614843131,1606418585,0.005216943886545225
waps_blasted_case43,116,2481164791.1,77.88579688072204,2488204795,2471646474,0.006654725942685116
waps_blasted_case44,173,19096714124.9,78.51636168956756,19212848742,18989936325,0.011602257426443231
waps_blasted_case46,176,20876624294.0,78.08259377479553,20993313856,20769060954,0.010682110672865845
waps_blasted_case47,118,3055177110.3,65.68223285675049,3081366353,3043975735,0.012134427950638429
waps_blasted_case51,132,4010045286.2,91.04087057113648,4030127796,3984009298,0.011443433145165702
waps_blasted_case54,203,49487130910.2,63.72985279560089,49659364561,49342563332,0.0063794861613835465
waps_blasted_case55,149,9504681366.5,71.83909683227539,9528155202,9476479174,0.005423508213757159
waps_blasted_case56,202,48532781924.2,61.58451597690582,48699448228,48282631885,0.008558954118916471
waps_blasted_case57,288,60305802202.2,128.03768315315247,60820171195,59808002519,0.016641989920659905
waps_blasted_case59,93,447914068.7,91.79142053127289,449521347,445177352,0.009663601137055678
waps_blasted_case6,329,572169511216.6,64.96449897289276,574309826887,569784266295,0.007879998530637087
waps_blasted_case60,15,25593.0,61.04664771556854,25593,25593,0.0
waps_blasted_case61,282,236434938582.8,68.97799203395843,237211171808,235455251908,0.007402349082534995
waps_blasted_case63,96,650678698.8,84.91987004280091,653720641,647810740,0.00904040752171997
waps_blasted_case68,178,16415732487.3,86.40431802272796,16481370624,16365033781,0.00705868739039164
waps_blasted_case8,160,15768460669.8,64.2503648519516,15802005066,15698962612,0.006520846789355155
waps_blasted_case9,279,262786771547.0,61.160157322883606,263605800633,262064748905,0.00584604634761243
waps_blasted_case_1_b12_1,427,982162292537.0,116.23967697620392,985563397221,978202602740,0.007468615922380319
waps_blasted_case_1_b14_1,238,93433367594.1,81.91249949932099,93635527066,93219356919,0.004444575259416846
waps_blasted_case_1_b14_2,270,162876985941.9,86.63333587646484,163825848601,162313810189,0.009229547259557247
waps_blasted_case_1_b14_3,304,295749175791.9,86.66477122306824,296573411164,295079100335,0.005038586645832764
waps_blasted_squaring51,496,1531933166450.2,120.04424283504486,1540838595469,1519461135263,0.013873912730939308
waps_brutus,1221,277790426292533.5,83.91524322032929,278822595862869,276441055862586,0.008541416784794203
waps_buildroot,565,13722533150416.1,18.528949594497682,13735066136052,13709297380539,0.0018761289722050772
waps_busybox_1_28_0,998,234160217175809.0,23.869155240058898,234586267982252,233922005139812,0.002831635662877999
waps_calm16_ceb,1173,231575632352786.8,82.58582384586335,232394272326827,230350781151121,0.008793208004851954
waps_calm32_ceb,1173,234245020420037.5,83.91503925323487,235328941195792,232796338541926,0.010761968506707777
waps_ceb_v850,1189,241287946032801.2,85.85191068649291,242025658730006,239332985205031,0.011125570483329775
waps_cerf,1276,339309641707746.8,84.54220595359803,340825361793284,338039065179187,0.008175144594394747
waps_cerfpda,1291,365178100428670.1,85.89645438194275,366137388962398,363913340127219,0.006074355971898319
waps_cma230,1212,265037034040676.1,85.70937609672546,266766519364078,263534110318081,0.012116996741954218
waps_cma28x,1204,254817634282812.3,84.91525542736053,255744384708163,254247035651914,0.005854865818296134
waps_cme555,1266,327355012964212.3,86.41183168888092,330196444418147,324523299959030,0.017181119164120275
waps_cq7708,1238,298916704819598.2,86.85918517112732,299998445648887,297728527643652,0.007566432553759538
waps_cq7750,1267,320695796825856.3,87.13515722751617,322296546912219,319643875340532,0.008230530538105591
waps_csb281,1233,302855618594534.7,81.81505160331726,304611704378485,301700859154785,0.009555920477970957
waps_dreamcast,1252,313155357175410.7,84.39232494831086,314103285663072,312224663751161,0.005980905000548559
waps_e7t,1266,337145135275995.8,83.33006935119629,338329571217675,335529443170937,0.008276332561354648
waps_ea2468,1395,484887314196246.7,88.46503486633301,486170946893123,482655768123215,0.007230334910738211
waps_eb40,1240,298867396599917.0,83.34520037174225,300188941819218,297966293273086,0.007404165298902116
waps_eb40a,1241,304654566771698.9,82.73953850269318,305905054614669,302936863690695,0.009702980971376427
waps_eb42,1234,294719111177133.3,83.75782573223114,295875362707425,293903750809654,0.006663656884877635
waps_eb55,1270,341530586804407.7,84.55521433353424,343365150445184,339607164379820,0.010944576234634323
waps_ebsa285,1245,318937186682532.2,81.2172369003296,320354342684959,317896523839599,0.007672188317350372
waps_ec555,1267,328727598497280.1,83.71018855571747,330388719729757,327479928144252,0.008804149209102113
waps_ecos-icse11,1244,319246924351535.4,82.52106547355652,320725707536785,317955075383834,0.008638634471273955
waps_edb7xxx,1246,301913377041000.5,83.01093258857728,303731639050383,300215136027919,0.011577664524704595
waps_edosk2674,1194,256924384935097.0,82.3403505563736,259642538285494,255787290783514,0.014848289218852508
waps_embtoolkit,2128,7093887980571552.0,65.82022469043731,7132545701271753,7075474869950391,0.00800146731778895
waps_excalibur_arm9,1233,271001286768085.6,87.27177522182464,272736086663746,269740097886885,0.01098493717318284
waps_fads,1187,243458472301367.3,85.15264704227448,244832214202867,241854233840026,0.01216335183887794
waps_financial,771,5544424664117.5,154.2459240913391,5616920656731,5431630619744,0.03298783235703337
waps_flexanet,1265,333510347642693.1,85.05438494682312,335753097992735,331651169917935,0.012217096727693506
waps_freebsd-icse11,1396,994423439911237.6,52.70069530010223,996557965698654,991831091044069,0.004743200914832027
waps_frv400,1238,304329753306724.7,83.28123033046722,305770988327274,302833127942507,0.009608041628928306
waps_gps4020,1213,267619161348820.9,84.63262658119201,269253332367799,265546661829703,0.013766479714474629
waps_grg,1241,309531194526790.9,82.18752009868622,310461777347955,307944311712437,0.008108778017773538
waps_h8300h_sim,1182,234761899411573.2,83.11462593078613,235571571711874,233642139847328,0.00819042743793328
waps_h8max,1202,264073132919651.1,80.70342981815338,265620367814706,261999379095731,0.01363219525959306
waps_h8s_sim,1183,243424056391325.8,82.25712411403656,245273446724946,242120487058882,0.012854875683301278
waps_hs7729pci,1298,363168083720194.7,84.46472592353821,364328527862746,362325626050869,0.00549751572743037
waps_innovator,1256,323168093812562.9,81.25878326892852,324047226097159,321472874586489,0.007944371385848966
waps_integrator_arm7,1259,323405466727969.7,83.44465084075928,325313061022163,321124506192237,0.012875458540659827
waps_integrator_arm9,1267,338248555106189.0,83.57148869037628,339377312595659,336877093413149,0.007367078144934254
waps_ipaq,1258,314568680782477.8,85.33225421905517,315600775048227,313099976513772,0.007923930269413479
waps_iq80310,1258,330680295999398.9,81.87904284000396,331853023406262,329040360583981,0.008475628136247759
waps_iq80321,1256,325054784080700.8,82.76578514575958,326043661962578,324455853321075,0.004869926413982071
waps_ixdp425,1247,321986023019082.2,81.69679987430573,323114482654221,320636826768687,0.007668043429007942
waps_jmr3904,1199,248722036807839.0,83.37816507816315,249997444283440,246967368489031,0.012120427083140843
waps_jtst,1241,308015218495620.5,82.61671528816223,308895232138080,306636109045944,0.007313557663221373
waps_linux,1232,290800342813696.9,83.63144216537475,292209584283926,289549038146073,0.009104924276774834
waps_lpcmt,1249,307993541694909.6,84.13731777667999,309108956439937,307116536208362,0.00644568910109257
waps_m5272c3,1323,419210612075272.4,82.6171807050705,421774000815506,417200036859520,0.010844584889400901
waps_mac7100evb,1234,297469750214998.5,83.35943386554717,298739275924782,295779186517290,0.009908604746827148
waps_mace1,1234,294291661443199.5,82.9357623577118,295287619323266,292920616421606,0.008015923278749877
waps_malta_mips32_4kc,1232,292049527524238.8,84.90429692268371,293084066580233,290418220549675,0.00909584086799278
waps_malta_mips64_5kc,1232,288612547105119.7,85.2411643743515,289962429777054,286787794046827,0.01094843815686022
waps_mb93091,1250,321191390848063.9,84.58161652088165,322256002855233,320118799950049,0.006632003395586381
waps_mb93093,1230,293034674523520.7,82.98072953224182,294709536877908,291723592693062,0.010131820695314025
waps_mbx,1295,388520322566724.4,81.70850138664245,390250460154193,387222889464364,0.007758019525800861
waps_mcb2100,1249,307563837388555.7,85.419695520401,308535638937404,306747569498811,0.005795341649188751
waps_min-1s,168,26921795112.4,32.78809494972229,27011759974,26839754371,0.0063678043624540905
waps_moab,1277,362963677313897.4,82.95170032978058,364517704557172,361980517221213,0.006960395350457004
waps_mpc50,1213,269736768498825.7,82.94429669380187,270905644499199,267973648491552,0.010822941740719873
waps_nano,1265,339526508819065.6,81.57367684841157,340381379670053,338808368903905,0.004621318497718031
waps_npwr,1258,323879889255234.8,82.43709840774537,325186188724997,322126388165193,0.009409380428489255
waps_ocelot,1266,338567673212104.3,82.32264676094056,341008218655009,337236245733048,0.011061237576144837
waps_olpce2294,1274,340635894948589.3,83.86785073280335,342628086357640,338747763883750,0.011325173353826181
waps_olpch2294,1261,330712268658226.6,83.52378487586975,331910978334547,329713641670055,0.006620259069217084
waps_olpcl2294,1273,344530944920363.2,82.9551635503769,346409792509790,343275257814236,0.009048631890120179
waps_or-100-10-2-UC-30,200,26355050995.5,87.71572821140289,26533310668,26148379756,0.01450745882473832
waps_or-50-5-3-UC-20,100,530080946.3,106.2548894405365,535931617,527733875,0.015296246274643654
waps_or-60-5-2-UC-30,120,1985454562.0,88.59007890224457,1998103347,1967665325,0.015233457291235897
waps_or-70-5-1-UC-20,140,3168986286.7,102.24755048751831,3194597701,3148348329,0.014477369712475105
waps_p2106,1249,309510278691709.6,83.96260161399842,310232885801338,308302906089841,0.006221067461986895
waps_pati,1248,290757819841704.8,84.76519355773925,292193856363440,289666658232670,0.00864904608954745
waps_pc_i82544,1259,330533099171278.5,81.71277215480805,331823339474319,329548877401651,0.0068544366899303925
waps_pc_i82559,1259,337188116118968.0,81.17873060703278,339692387476381,335362047997769,0.012747826086956661
waps_pc_rltk8139,1257,341254123576980.3,81.40737869739533,342367097965910,340063786039373,0.006727608874280157
waps_pc_usb_d12,1281,361994185720039.4,84.30907068252563,363461277829055,360703634339118,0.007587172714541518
waps_pc_vmWare,1255,343596818823633.8,80.40914196968079,345839973135696,342293254290808,0.010255375666179532
waps_phycore,1274,347011785074910.8,84.23300087451935,348470510502494,345160639313134,0.00949828203421624
waps_phycore229x,1360,444949997513512.3,87.37829473018647,446667145511303,443432821181287,0.007241016856777425
waps_picasso,1248,313987689371252.7,82.44996597766877,315046059595146,312761970009394,0.007250017945589286
waps_pid,1229,277930985081782.1,85.48242852687835,278830980303333,277092769636929,0.006233922301291792
waps_polynomial.sk_7_25,313,104423984500.4,112.56493034362794,105372556579,103313300796,0.019542619538286832
waps_prpmc1100,1223,279447863386394.8,84.95604648590088,280223380864933,278844001950537,0.004922426209185083
waps_psim,1181,237810786597478.5,83.62350101470948,238752123194713,236938066790931,0.007598074435981272
waps_rattler,1311,418834762790749.3,79.14548873901367,420911937917969,416549218998730,0.010364920845008783
waps_ref4955,1218,269461464953814.2,85.22617025375366,270733751421524,267540522600128,0.011794720106486621
waps_refidt334,1263,342725995348550.9,79.41771471500397,344495470637675,341272240548599,0.009356378715545
waps_registerlesSwap.sk_3_10,372,229491675393.4,109.13141686916352,231965363428,226430568037,0.023860438943152613
waps_s27_3_2,20,147510.8,85.26136581897735,149097,146085,0.02020161371456166
waps_s27_7_4,24,317717.3,87.2125011920929,320115,316140,0.012417412492385548
waps_s27_new_7_4,17,51381.5,93.62528765201569,51825,51006,0.01580318379160637
waps_s298_15_7,292,351168118250.9,54.66542177200317,352102109899,350391658059,0.0048578289987828835
waps_s298_7_4,223,88120060065.1,55.053546166419984,88620794097,87951957915,0.00754716981285368
waps_s344_3_2,197,50482864015.3,50.12210004329681,50704754700,50323703488,0.007515098224111909
waps_s344_7_4,215,77329006886.7,49.990526390075686,77491501446,77049159730,0.005708261005992329
waps_s349_15_7,285,311680078447.7,50.719066405296324,312568846370,310508380944,0.00659203708216316
waps_s349_3_2,198,48103130257.0,55.30500304698944,48266468560,47902768605,0.007535250989988732
waps_s349_7_4,216,75200929662.7,55.23975312709808,75507514994,75071587656,0.005773297373574534
waps_s382_15_7,350,898684946319.4,55.2668538570404,900466221326,896930572985,0.003926464155194527
waps_s382_3_2,263,200971718466.5,52.78503942489624,201599143792,200602832501,0.004942041281821834
waps_s382_7_4,281,281043788177.2,52.69549558162689,281875313510,280070970365,0.006401210246231754
waps_s420_15_7,366,737715223776.3,76.81190798282623,740656341093,735592085918,0.006837523550431752
waps_s420_new_15_7,351,584348420475.6,77.2669014453888,586052122700,583274347334,0.004739809410129793
waps_s420_new_3_2,294,234897059810.8,77.80843868255616,235915255299,233985159456,0.008181310024032945
waps_s420_new_7_4,312,318972827673.3,78.20825290679932,320380501387,317723598091,0.008292961914029293
waps_s444_15_7,377,1219461631331.6,55.850854349136355,1223952547140,1216595653665,0.006010766914281761
waps_s444_3_2,290,320166959575.8,55.06322071552277,321041584926,319158063383,0.005866908311688504
waps_s444_7_4,308,467338959891.9,54.25414624214172,469284378992,465875350195,0.007264313387806404
waps_s510_15_7,340,395038740426.6,83.65347058773041,398062366825,390688073385,0.018525472525369267
waps_s510_3_2,298,222707209848.0,84.11061854362488,223796228018,221554886616,0.010015099100864774
waps_s510_7_4,316,288418805374.2,83.0669439792633,290198356121,286658791188,0.012197053699105575
waps_s526_15_7,452,1060582275879.7,105.8933013677597,1067335187435,1056323495239,0.010316995378427552
waps_s526_3_2,365,1054224641620.7,58.97851939201355,1058136458788,1051100645684,0.0066492492963137195
waps_s526_7_4,383,1390570774141.1,55.61500613689422,1395798387231,1386231809937,0.00685383890790867
waps_s526a_15_7,453,869456972158.5,107.76602551937103,880019026977,860278838058,0.02243154785733505
waps_s526a_7_4,384,1428840604383.7,55.144427108764646,1431622877866,1427427264580,0.002930669347959882
waps_s641_3_2,489,4821795593447.2,59.24643692970276,4846445001961,4798435379939,0.009906152242019467
waps_sa1100mm,1222,277637858925299.4,81.27544851303101,279469511711055,275933404249666,0.012652927468685744
waps_sam7ex256,1332,416833078146593.5,81.85352251529693,419612686089397,415554521167265,0.009671215996714224
waps_se7751,1295,360900033286947.5,81.47858152389526,362682558052645,359505309710734,0.008760411195318106
waps_sh4_202_md,1258,311234086595476.4,80.4982712507248,312452711010737,309687122043222,0.0088512241054614
waps_sh7708,1253,316457062713820.6,82.9958607673645,317224788578136,314992557853192,0.007036747458952681
waps_skmb91302,1217,265934821004241.0,84.62130477428437,267199890815249,264458407773269,0.010260045517292347
waps_sleb,1188,241356420288168.0,83.33094112873077,242708580606376,239536901062197,0.013067850902736808
waps_smdk2410,1265,315346913326818.2,86.52017920017242,317052419999806,313634146604140,0.010781413987214139
waps_snds,1218,281020652983615.5,84.19761300086975,282035178817623,279908027956975,0.007542147293701664
waps_sparc_erc32,1168,227070900703308.2,83.23853669166564,228241829366631,226063074369388,0.0095458181494997
waps_sparc_leon,1168,227859634355941.3,82.89597721099854,229560442726228,226594576985103,0.012919759632377379
waps_sparclite_sim,1168,228116053938484.7,82.06012952327728,229532041823099,226209136156913,0.014476870591980238
waps_stb,1252,305036493304117.9,85.19978184700012,306221116662638,303670327277658,0.008329893812614463
waps_stdeval1,1190,250590988094946.0,82.32345588207245,253252702958938,249007323435282,0.016763412489004467
waps_stm3210e_eval,1269,341608267786810.8,81.61069972515106,343304074607886,339536297944896,0.010975042073979074
waps_tire-1,352,245373117799.6,109.03424744606018,246859137036,243764499504,0.012536046140146324
waps_ts1000,1297,395377395962052.3,81.29437432289123,397535762635231,393709941149737,0.009623842293163645
waps_ts6,1240,308407266936098.6,81.99930517673492,309353261194157,307541200433640,0.005857577688116597
waps_tutorial1.sk_1_1,67,10430065.7,144.2594983816147,10720887,10090375,0.058811551693437304
waps_tx39_sim,1179,236047193659758.1,84.25164387226104,236997582285026,234433446530947,0.010819248573579257
waps_uClinux,1850,741489126785511.8,146.62878255844117,745919851753499,733017191132437,0.017297650130547657
waps_uClinux-config,11254,6936302658156686336.0,171.1029048204422,6993854769205347328,6881806411411493888,0.01602097290999146
waps_uE250,1249,311336947724532.5,83.94601228237153,311867692145194,310783497660206,0.0034764565624939418
waps_vads,1240,304750298392216.2,82.07499642372132,306446299671999,303621455706964,0.00921807170802368
waps_viper,1301,397025540188716.0,82.0272109746933,398888104213943,395817484643382,0.007697947214074045
waps_vrc4373,1247,318401868539212.3,81.19683349132538,319459940223058,317314515467629,0.006715786504971453
waps_vrc4375,1258,332429678127148.2,78.54101240634918,334424432722867,329934763824539,0.013425062462611779
