am31_sim.cnf,2,1,1991471
am31_sim.cnf,2,2,2016743
am31_sim.cnf,2,3,1997444
am31_sim.cnf,2,4,1997751
am31_sim.cnf,2,5,1973704
am31_sim.cnf,2,6,1988101
am31_sim.cnf,2,7,1978145
am31_sim.cnf,2,8,1980596
am31_sim.cnf,2,9,1978145
am31_sim.cnf,2,10,1983966
am31_sim.cnf,2,11,2001580
am31_sim.cnf,2,12,1971712
am31_sim.cnf,2,13,2010157
am31_sim.cnf,2,14,1977686
am31_sim.cnf,2,15,1976461
am31_sim.cnf,2,16,1974623
am31_sim.cnf,2,17,1976154
am31_sim.cnf,2,18,1976767
am31_sim.cnf,2,19,1984425
am31_sim.cnf,2,20,1982740
am31_sim.cnf,2,21,1968036
am31_sim.cnf,2,22,2004337
am31_sim.cnf,2,23,1974316
am31_sim.cnf,2,24,2005562
am31_sim.cnf,2,25,2013986
am31_sim.cnf,2,26,1932808
am31_sim.cnf,2,27,1995760
am31_sim.cnf,2,28,1968036
am31_sim.cnf,2,29,1970640
am31_sim.cnf,2,30,1986876
am31_sim.cnf,2,31,1983353
am31_sim.cnf,2,32,1986876
am31_sim.cnf,2,33,1984885
am31_sim.cnf,2,34,2004950
am31_sim.cnf,2,35,1969109
am31_sim.cnf,2,36,2001274
am31_sim.cnf,2,37,1988101
am31_sim.cnf,2,38,1988101
am31_sim.cnf,2,39,1986263
am31_sim.cnf,2,40,1981362
am31_sim.cnf,2,41,1970181
am31_sim.cnf,2,42,1975848
am31_sim.cnf,2,43,1989939
am31_sim.cnf,2,44,1991777
am31_sim.cnf,2,45,1988101
am31_sim.cnf,2,46,1950422
am31_sim.cnf,2,47,1985957
am31_sim.cnf,2,48,1998210
am31_sim.cnf,2,49,1994075
am31_sim.cnf,2,50,1966964
asb2305.cnf,2,1,2190771
asb2305.cnf,2,2,2210269
asb2305.cnf,2,3,2224893
asb2305.cnf,2,4,2223500
asb2305.cnf,2,5,2193034
asb2305.cnf,2,6,2188856
asb2305.cnf,2,7,2161175
asb2305.cnf,2,8,2205743
asb2305.cnf,2,9,2217233
asb2305.cnf,2,10,2187637
asb2305.cnf,2,11,2222108
asb2305.cnf,2,12,2192512
asb2305.cnf,2,13,2166224
asb2305.cnf,2,14,2189378
asb2305.cnf,2,15,2205917
asb2305.cnf,2,16,2191816
asb2305.cnf,2,17,2203306
asb2305.cnf,2,18,2201565
asb2305.cnf,2,19,2203132
asb2305.cnf,2,20,2211662
asb2305.cnf,2,21,2211836
asb2305.cnf,2,22,2179977
asb2305.cnf,2,23,2237776
asb2305.cnf,2,24,2163961
asb2305.cnf,2,25,2171795
asb2305.cnf,2,26,2213925
asb2305.cnf,2,27,2214796
asb2305.cnf,2,28,2232031
asb2305.cnf,2,29,2209399
asb2305.cnf,2,30,2201217
asb2305.cnf,2,31,2181370
asb2305.cnf,2,32,2189901
asb2305.cnf,2,33,2212881
asb2305.cnf,2,34,2181022
asb2305.cnf,2,35,2197212
asb2305.cnf,2,36,2215318
asb2305.cnf,2,37,2209051
asb2305.cnf,2,38,2207136
asb2305.cnf,2,39,2154908
asb2305.cnf,2,40,2181544
asb2305.cnf,2,41,2213751
asb2305.cnf,2,42,2185200
asb2305.cnf,2,43,2163787
asb2305.cnf,2,44,2202087
asb2305.cnf,2,45,2193208
asb2305.cnf,2,46,2192512
asb2305.cnf,2,47,2168313
asb2305.cnf,2,48,2194949
asb2305.cnf,2,49,2200172
asb2305.cnf,2,50,2193905
at91sam7sek.cnf,2,1,2405020
at91sam7sek.cnf,2,2,2432317
at91sam7sek.cnf,2,3,2418289
at91sam7sek.cnf,2,4,2410707
at91sam7sek.cnf,2,5,2404641
at91sam7sek.cnf,2,6,2392129
at91sam7sek.cnf,2,7,2427768
at91sam7sek.cnf,2,8,2395162
at91sam7sek.cnf,2,9,2384736
at91sam7sek.cnf,2,10,2384547
at91sam7sek.cnf,2,11,2383978
at91sam7sek.cnf,2,12,2383978
at91sam7sek.cnf,2,13,2386821
at91sam7sek.cnf,2,14,2436108
at91sam7sek.cnf,2,15,2447482
at91sam7sek.cnf,2,16,2409569
at91sam7sek.cnf,2,17,2418479
at91sam7sek.cnf,2,18,2397437
at91sam7sek.cnf,2,19,2407294
at91sam7sek.cnf,2,20,2413929
at91sam7sek.cnf,2,21,2416394
at91sam7sek.cnf,2,22,2423028
at91sam7sek.cnf,2,23,2437246
at91sam7sek.cnf,2,24,2407294
at91sam7sek.cnf,2,25,2414119
at91sam7sek.cnf,2,26,2424166
at91sam7sek.cnf,2,27,2389665
at91sam7sek.cnf,2,28,2380187
at91sam7sek.cnf,2,29,2423787
at91sam7sek.cnf,2,30,2427957
at91sam7sek.cnf,2,31,2418479
at91sam7sek.cnf,2,32,2368813
at91sam7sek.cnf,2,33,2418858
at91sam7sek.cnf,2,34,2430042
at91sam7sek.cnf,2,35,2396110
at91sam7sek.cnf,2,36,2375068
at91sam7sek.cnf,2,37,2407863
at91sam7sek.cnf,2,38,2407294
at91sam7sek.cnf,2,39,2419048
at91sam7sek.cnf,2,40,2394025
at91sam7sek.cnf,2,41,2417152
at91sam7sek.cnf,2,42,2394404
at91sam7sek.cnf,2,43,2361040
at91sam7sek.cnf,2,44,2368054
at91sam7sek.cnf,2,45,2458098
at91sam7sek.cnf,2,46,2429663
at91sam7sek.cnf,2,47,2398195
at91sam7sek.cnf,2,48,2442175
at91sam7sek.cnf,2,49,2434213
at91sam7sek.cnf,2,50,2384357
h8s_sim.cnf,2,1,2031243
h8s_sim.cnf,2,2,2056671
h8s_sim.cnf,2,3,2063462
h8s_sim.cnf,2,4,2053828
h8s_sim.cnf,2,5,2007868
h8s_sim.cnf,2,6,2036139
h8s_sim.cnf,2,7,2038508
h8s_sim.cnf,2,8,2045615
h8s_sim.cnf,2,9,2056039
h8s_sim.cnf,2,10,2066937
h8s_sim.cnf,2,11,2045931
h8s_sim.cnf,2,12,2026031
h8s_sim.cnf,2,13,2044036
h8s_sim.cnf,2,14,2024925
h8s_sim.cnf,2,15,2006131
h8s_sim.cnf,2,16,2065989
h8s_sim.cnf,2,17,2052249
h8s_sim.cnf,2,18,2009447
h8s_sim.cnf,2,19,2032664
h8s_sim.cnf,2,20,2058724
h8s_sim.cnf,2,21,2019713
h8s_sim.cnf,2,22,2025399
h8s_sim.cnf,2,23,2027452
h8s_sim.cnf,2,24,2054618
h8s_sim.cnf,2,25,2056197
h8s_sim.cnf,2,26,2044984
h8s_sim.cnf,2,27,2055723
h8s_sim.cnf,2,28,2029190
h8s_sim.cnf,2,29,2038034
h8s_sim.cnf,2,30,2015765
h8s_sim.cnf,2,31,2033454
h8s_sim.cnf,2,32,2019871
h8s_sim.cnf,2,33,2059198
h8s_sim.cnf,2,34,2033928
h8s_sim.cnf,2,35,2048932
h8s_sim.cnf,2,36,2041983
h8s_sim.cnf,2,37,2051143
h8s_sim.cnf,2,38,2025083
h8s_sim.cnf,2,39,2057303
h8s_sim.cnf,2,40,2033454
h8s_sim.cnf,2,41,2053670
h8s_sim.cnf,2,42,2043088
h8s_sim.cnf,2,43,2047353
h8s_sim.cnf,2,44,2027610
h8s_sim.cnf,2,45,2048142
h8s_sim.cnf,2,46,2018292
h8s_sim.cnf,2,47,2025873
h8s_sim.cnf,2,48,2049564
h8s_sim.cnf,2,49,2038824
h8s_sim.cnf,2,50,2028084
pc_i82544.cnf,2,1,2343487
pc_i82544.cnf,2,2,2300016
pc_i82544.cnf,2,3,2340446
pc_i82544.cnf,2,4,2358514
pc_i82544.cnf,2,5,2341340
pc_i82544.cnf,2,6,2396976
pc_i82544.cnf,2,7,2339552
pc_i82544.cnf,2,8,2342235
pc_i82544.cnf,2,9,2345813
pc_i82544.cnf,2,10,2349927
pc_i82544.cnf,2,11,2349570
pc_i82544.cnf,2,12,2365312
pc_i82544.cnf,2,13,2359409
pc_i82544.cnf,2,14,2363165
pc_i82544.cnf,2,15,2362986
pc_i82544.cnf,2,16,2338478
pc_i82544.cnf,2,17,2334364
pc_i82544.cnf,2,18,2315222
pc_i82544.cnf,2,19,2322915
pc_i82544.cnf,2,20,2368711
pc_i82544.cnf,2,21,2371752
pc_i82544.cnf,2,22,2343845
pc_i82544.cnf,2,23,2329891
pc_i82544.cnf,2,24,2330965
pc_i82544.cnf,2,25,2332933
pc_i82544.cnf,2,26,2311465
pc_i82544.cnf,2,27,2359409
pc_i82544.cnf,2,28,2298764
pc_i82544.cnf,2,29,2350822
pc_i82544.cnf,2,30,2366743
pc_i82544.cnf,2,31,2353684
pc_i82544.cnf,2,32,2376582
pc_i82544.cnf,2,33,2305920
pc_i82544.cnf,2,34,2351001
pc_i82544.cnf,2,35,2350285
pc_i82544.cnf,2,36,2350464
pc_i82544.cnf,2,37,2358335
pc_i82544.cnf,2,38,2352074
pc_i82544.cnf,2,39,2373004
pc_i82544.cnf,2,40,2330428
pc_i82544.cnf,2,41,2329176
pc_i82544.cnf,2,42,2347244
pc_i82544.cnf,2,43,2332754
pc_i82544.cnf,2,44,2318621
pc_i82544.cnf,2,45,2333111
pc_i82544.cnf,2,46,2323272
pc_i82544.cnf,2,47,2355652
pc_i82544.cnf,2,48,2313970
pc_i82544.cnf,2,49,2354578
pc_i82544.cnf,2,50,2355652
pc_rltk8139.cnf,2,1,2345852
pc_rltk8139.cnf,2,2,2326058
pc_rltk8139.cnf,2,3,2362615
pc_rltk8139.cnf,2,4,2357622
pc_rltk8139.cnf,2,5,2344247
pc_rltk8139.cnf,2,6,2345139
pc_rltk8139.cnf,2,7,2379734
pc_rltk8139.cnf,2,8,2375989
pc_rltk8139.cnf,2,9,2352985
pc_rltk8139.cnf,2,10,2378486
pc_rltk8139.cnf,2,11,2351380
pc_rltk8139.cnf,2,12,2364220
pc_rltk8139.cnf,2,13,2379734
pc_rltk8139.cnf,2,14,2364041
pc_rltk8139.cnf,2,15,2369926
pc_rltk8139.cnf,2,16,2362793
pc_rltk8139.cnf,2,17,2392573
pc_rltk8139.cnf,2,18,2379377
pc_rltk8139.cnf,2,19,2366895
pc_rltk8139.cnf,2,20,2351559
pc_rltk8139.cnf,2,21,2346744
pc_rltk8139.cnf,2,22,2372244
pc_rltk8139.cnf,2,23,2323562
pc_rltk8139.cnf,2,24,2362258
pc_rltk8139.cnf,2,25,2402203
pc_rltk8139.cnf,2,26,2326058
pc_rltk8139.cnf,2,27,2379199
pc_rltk8139.cnf,2,28,2351202
pc_rltk8139.cnf,2,29,2339968
pc_rltk8139.cnf,2,30,2347992
pc_rltk8139.cnf,2,31,2373136
pc_rltk8139.cnf,2,32,2341751
pc_rltk8139.cnf,2,33,2351202
pc_rltk8139.cnf,2,34,2362972
pc_rltk8139.cnf,2,35,2363506
pc_rltk8139.cnf,2,36,2345139
pc_rltk8139.cnf,2,37,2356552
pc_rltk8139.cnf,2,38,2373493
pc_rltk8139.cnf,2,39,2341038
pc_rltk8139.cnf,2,40,2358335
pc_rltk8139.cnf,2,41,2357265
pc_rltk8139.cnf,2,42,2309653
pc_rltk8139.cnf,2,43,2323562
pc_rltk8139.cnf,2,44,2370818
pc_rltk8139.cnf,2,45,2352272
pc_rltk8139.cnf,2,46,2349597
pc_rltk8139.cnf,2,47,2373849
pc_rltk8139.cnf,2,48,2321957
pc_rltk8139.cnf,2,49,2378842
pc_rltk8139.cnf,2,50,2359227
rattler.cnf,2,1,2475584
rattler.cnf,2,2,2524273
rattler.cnf,2,3,2525631
rattler.cnf,2,4,2535718
rattler.cnf,2,5,2570829
rattler.cnf,2,6,2551430
rattler.cnf,2,7,2550655
rattler.cnf,2,8,2515932
rattler.cnf,2,9,2522333
rattler.cnf,2,10,2513798
rattler.cnf,2,11,2532420
rattler.cnf,2,12,2530093
rattler.cnf,2,13,2533196
rattler.cnf,2,14,2532808
rattler.cnf,2,15,2570635
rattler.cnf,2,16,2552206
rattler.cnf,2,17,2535912
rattler.cnf,2,18,2540955
rattler.cnf,2,19,2526795
rattler.cnf,2,20,2558220
rattler.cnf,2,21,2522915
rattler.cnf,2,22,2515350
rattler.cnf,2,23,2528735
rattler.cnf,2,24,2564233
rattler.cnf,2,25,2525825
rattler.cnf,2,26,2535330
rattler.cnf,2,27,2540761
rattler.cnf,2,28,2549491
rattler.cnf,2,29,2555698
rattler.cnf,2,30,2538628
rattler.cnf,2,31,2544253
rattler.cnf,2,32,2517678
rattler.cnf,2,33,2559578
rattler.cnf,2,34,2523691
rattler.cnf,2,35,2547163
rattler.cnf,2,36,2560935
rattler.cnf,2,37,2568113
rattler.cnf,2,38,2526407
rattler.cnf,2,39,2538822
rattler.cnf,2,40,2515350
rattler.cnf,2,41,2504875
rattler.cnf,2,42,2565397
rattler.cnf,2,43,2526407
rattler.cnf,2,44,2525437
rattler.cnf,2,45,2554534
rattler.cnf,2,46,2549491
rattler.cnf,2,47,2552982
rattler.cnf,2,48,2529123
rattler.cnf,2,49,2562487
rattler.cnf,2,50,2556668
sh7708.cnf,2,1,2273708
sh7708.cnf,2,2,2274948
sh7708.cnf,2,3,2297806
sh7708.cnf,2,4,2274417
sh7708.cnf,2,5,2267861
sh7708.cnf,2,6,2296920
sh7708.cnf,2,7,2290718
sh7708.cnf,2,8,2276897
sh7708.cnf,2,9,2281150
sh7708.cnf,2,10,2275480
sh7708.cnf,2,11,2304362
sh7708.cnf,2,12,2280618
sh7708.cnf,2,13,2307020
sh7708.cnf,2,14,2247129
sh7708.cnf,2,15,2259533
sh7708.cnf,2,16,2297451
sh7708.cnf,2,17,2289123
sh7708.cnf,2,18,2248192
sh7708.cnf,2,19,2301350
sh7708.cnf,2,20,2271050
sh7708.cnf,2,21,2276011
sh7708.cnf,2,22,2276543
sh7708.cnf,2,23,2292490
sh7708.cnf,2,24,2290895
sh7708.cnf,2,25,2291781
sh7708.cnf,2,26,2279378
sh7708.cnf,2,27,2279732
sh7708.cnf,2,28,2278492
sh7708.cnf,2,29,2288237
sh7708.cnf,2,30,2292136
sh7708.cnf,2,31,2269101
sh7708.cnf,2,32,2304716
sh7708.cnf,2,33,2293376
sh7708.cnf,2,34,2276897
sh7708.cnf,2,35,2303830
sh7708.cnf,2,36,2268924
sh7708.cnf,2,37,2284516
sh7708.cnf,2,38,2221082
sh7708.cnf,2,39,2273708
sh7708.cnf,2,40,2281150
sh7708.cnf,2,41,2279378
sh7708.cnf,2,42,2294085
sh7708.cnf,2,43,2315348
sh7708.cnf,2,44,2320663
sh7708.cnf,2,45,2310563
sh7708.cnf,2,46,2295325
sh7708.cnf,2,47,2313753
sh7708.cnf,2,48,2248901
sh7708.cnf,2,49,2266620
sh7708.cnf,2,50,2280441
smdk2410.cnf,2,1,2292562
smdk2410.cnf,2,2,2274682
smdk2410.cnf,2,3,2234408
smdk2410.cnf,2,4,2268722
smdk2410.cnf,2,5,2297257
smdk2410.cnf,2,6,2261859
smdk2410.cnf,2,7,2295090
smdk2410.cnf,2,8,2228809
smdk2410.cnf,2,9,2244883
smdk2410.cnf,2,10,2285518
smdk2410.cnf,2,11,2306649
smdk2410.cnf,2,12,2274682
smdk2410.cnf,2,13,2271251
smdk2410.cnf,2,14,2266013
smdk2410.cnf,2,15,2274321
smdk2410.cnf,2,16,2295993
smdk2410.cnf,2,17,2295812
smdk2410.cnf,2,18,2274863
smdk2410.cnf,2,19,2286421
smdk2410.cnf,2,20,2291297
smdk2410.cnf,2,21,2319291
smdk2410.cnf,2,22,2291478
smdk2410.cnf,2,23,2302856
smdk2410.cnf,2,24,2281545
smdk2410.cnf,2,25,2287866
smdk2410.cnf,2,26,2256261
smdk2410.cnf,2,27,2275043
smdk2410.cnf,2,28,2286421
smdk2410.cnf,2,29,2258970
smdk2410.cnf,2,30,2301050
smdk2410.cnf,2,31,2255177
smdk2410.cnf,2,32,2240187
smdk2410.cnf,2,33,2258970
smdk2410.cnf,2,34,2232240
smdk2410.cnf,2,35,2277210
smdk2410.cnf,2,36,2263123
smdk2410.cnf,2,37,2287144
smdk2410.cnf,2,38,2244883
smdk2410.cnf,2,39,2285699
smdk2410.cnf,2,40,2268000
smdk2410.cnf,2,41,2291117
smdk2410.cnf,2,42,2264026
smdk2410.cnf,2,43,2301411
smdk2410.cnf,2,44,2288588
smdk2410.cnf,2,45,2286240
smdk2410.cnf,2,46,2290394
smdk2410.cnf,2,47,2287144
smdk2410.cnf,2,48,2290936
smdk2410.cnf,2,49,2277572
smdk2410.cnf,2,50,2280100
vads.cnf,2,1,2233695
vads.cnf,2,2,2257122
vads.cnf,2,3,2231613
vads.cnf,2,4,2265278
vads.cnf,2,5,2261113
vads.cnf,2,6,2252437
vads.cnf,2,7,2253131
vads.cnf,2,8,2261981
vads.cnf,2,9,2264757
vads.cnf,2,10,2255907
vads.cnf,2,11,2287317
vads.cnf,2,12,2253478
vads.cnf,2,13,2253825
vads.cnf,2,14,2244975
vads.cnf,2,15,2237339
vads.cnf,2,16,2246363
vads.cnf,2,17,2265104
vads.cnf,2,18,2247231
vads.cnf,2,19,2268749
vads.cnf,2,20,2285755
vads.cnf,2,21,2285928
vads.cnf,2,22,2281590
vads.cnf,2,23,2243240
vads.cnf,2,24,2255907
vads.cnf,2,25,2239595
vads.cnf,2,26,2242372
vads.cnf,2,27,2247231
vads.cnf,2,28,2190486
vads.cnf,2,29,2258857
vads.cnf,2,30,2255213
vads.cnf,2,31,2213392
vads.cnf,2,32,2275863
vads.cnf,2,33,2253478
vads.cnf,2,34,2255387
vads.cnf,2,35,2242198
vads.cnf,2,36,2229531
vads.cnf,2,37,2245322
vads.cnf,2,38,2247057
vads.cnf,2,39,2227101
vads.cnf,2,40,2211657
vads.cnf,2,41,2249834
vads.cnf,2,42,2242892
vads.cnf,2,43,2259899
vads.cnf,2,44,2254519
vads.cnf,2,45,2240290
vads.cnf,2,46,2246363
vads.cnf,2,47,2257296
vads.cnf,2,48,2186148
vads.cnf,2,49,2241157
vads.cnf,2,50,2186321
