Benchmark, twise, seed, approx combinations, approx coverage
XSEngine.cnf,3,1,2324863272,0.9991718754675969609058134295
XSEngine.cnf,3,2,2324664484,0.9990864410331626366043262731
XSEngine.cnf,3,3,2324836069,0.9991601842542444601312528166
XSEngine.cnf,3,4,2323716580,0.9986790540573993423276250563
XSEngine.cnf,3,5,2325283865,0.9993526365048931546445470933
XSEngine.cnf,3,6,2326487055,0.9998697394344816341116493916
XSEngine.cnf,3,7,2324509639,0.9990198922726741617141730509
XSEngine.cnf,3,8,2323950941,0.9987797769354828417220594863
XSEngine.cnf,3,9,2324974175,0.9992195389839162048642406489
XSEngine.cnf,3,10,2325848841,0.9995954499796952896152546192
aaed2000.cnf,3,1,2442201292,0.9978854531596231991752356470
aaed2000.cnf,3,2,2440567017,0.9972176870527488100498071979
aaed2000.cnf,3,3,2441419586,0.9975660474461781845811910883
aaed2000.cnf,3,4,2440854897,0.9973353150571220025305269923
aaed2000.cnf,3,5,2441716325,0.9976872952452253457717437875
aaed2000.cnf,3,6,2441758399,0.9977044867161715653786418166
aaed2000.cnf,3,7,2442008634,0.9978067329426351120661953728
aaed2000.cnf,3,8,2442236724,0.9978999307039157896850899743
aaed2000.cnf,3,9,2442048494,0.9978230197713634553074121680
aaed2000.cnf,3,10,2441229142,0.9974882318714079738378320480
adder.cnf,3,1,2400488961,0.9975096596611870659722222222
adder.cnf,3,2,2398714964,0.9967724852052908837145969499
adder.cnf,3,3,2398366193,0.9966275553817582805691721133
adder.cnf,3,4,2399976568,0.9972967376376548883442265795
adder.cnf,3,5,2399535222,0.9971133387945835886437908497
adder.cnf,3,6,2399145546,0.9969514111288232741013071895
adder.cnf,3,7,2400114355,0.9973539942489989702478213508
adder.cnf,3,8,2400661193,0.9975812296981645305691721133
adder.cnf,3,9,2399950733,0.9972860020489993957652505447
adder.cnf,3,10,2399617033,0.9971473348945833758850762527
adderII.cnf,3,1,2423302550,0.9965680909084831655616645106
adderII.cnf,3,2,2421196623,0.9957020415371479068968305304
adderII.cnf,3,3,2421155330,0.9956850600479079917259594653
adderII.cnf,3,4,2422698373,0.9963196268776667020402112980
adderII.cnf,3,5,2422087676,0.9960684815374311058106942648
adderII.cnf,3,6,2421631283,0.9958807927567982478304225959
adderII.cnf,3,7,2422952649,0.9964241963000377738923027167
adderII.cnf,3,8,2422791824,0.9963580580197721269943941354
adderII.cnf,3,9,2423313416,0.9965725594833525361147046141
adderII.cnf,3,10,2421942064,0.9960085995087288432514014661
aeb.cnf,3,1,2031350072,1.000643797157224544808884298
aeb.cnf,3,2,2032737101,1.001327048155887067810563017
aeb.cnf,3,3,2033218735,1.001564301242513104903796488
aeb.cnf,3,4,2032791238,1.001353716062120169647469008
aeb.cnf,3,5,2032867777,1.001391419201843009507360537
aeb.cnf,3,6,2032234933,1.001079680013262535914901860
aeb.cnf,3,7,2032173329,1.001049333860066311418517562
aeb.cnf,3,8,2031239931,1.000589541659867467959065083
aeb.cnf,3,9,2031686095,1.000809322211368024841813017
aeb.cnf,3,10,2033608895,1.001756494202889686773631198
aim711.cnf,3,1,2336346555,1.000275512335677740951178451
aim711.cnf,3,2,2338235140,1.001084084730223239337822671
aim711.cnf,3,3,2337343661,1.000702409926220757926487093
aim711.cnf,3,4,2339160420,1.001480230980047874579124579
aim711.cnf,3,5,2337620400,1.000820892025726010101010101
aim711.cnf,3,6,2337354223,1.000706931905179178942199776
aim711.cnf,3,7,2337311973,1.000688843133072259048821549
aim711.cnf,3,8,2338095715,1.001024391782270403689674523
aim711.cnf,3,9,2338456954,1.001179051425989495650953984
aim711.cnf,3,10,2337707013,1.000857974222613504840067340
aki3068net.cnf,3,1,2035205130,1.000991676688624633348375451
aki3068net.cnf,3,2,2033588467,1.000196540029839549622872615
aki3068net.cnf,3,3,2035580329,1.001176213898444802813950490
aki3068net.cnf,3,4,2034993622,1.000887648969535178410263022
aki3068net.cnf,3,5,2033345691,1.000077133513160929844636411
aki3068net.cnf,3,6,2032514369,0.9996682575770786830357142857
aki3068net.cnf,3,7,2035254789,1.001016100882992048494713770
aki3068net.cnf,3,8,2034482322,1.000636172085585454003352243
aki3068net.cnf,3,9,2035216166,1.000997104615265097182826199
aki3068net.cnf,3,10,2034583478,1.000685924472976062886797318
am31_sim.cnf,3,1,1806870157,1.000096147308083931097649449
am31_sim.cnf,3,2,1806469970,0.9998746452397962538087637841
am31_sim.cnf,3,3,1806754400,1.000032076224018789901334881
am31_sim.cnf,3,4,1806989221,1.000162048804780735363464887
am31_sim.cnf,3,5,1807486975,1.000437553857414790245937319
am31_sim.cnf,3,6,1807007411,1.000172116904499498966192687
am31_sim.cnf,3,7,1807124822,1.000237103471628677270748694
am31_sim.cnf,3,8,1806484853,0.9998828829268833543419907139
am31_sim.cnf,3,9,1806339330,0.9998023364686440120792222867
am31_sim.cnf,3,10,1806304603,0.9997831151987741108350261172
asb.cnf,3,1,2132923641,0.9971149486653945025275735294
asb.cnf,3,2,2134332415,0.9977735327739341586243872549
asb.cnf,3,3,2133786076,0.9975181261698404947916666667
asb.cnf,3,4,2133922661,0.9975819779377357632506127451
asb.cnf,3,5,2132545106,0.9969379883186489928002450980
asb.cnf,3,6,2133456321,0.9973639698589549345128676471
asb.cnf,3,7,2133003640,0.9971523471907073376225490196
asb.cnf,3,8,2133788027,0.9975190382377774107689950980
asb.cnf,3,9,2133309980,0.9972955572838876761642156863
asb.cnf,3,10,2134751926,0.9979696488847919538909313725
asb2305.cnf,3,1,2170054294,1.001463849695087084895959352
asb2305.cnf,3,2,2170034254,1.001454601384755228496249698
asb2305.cnf,3,3,2168691553,1.000834954901177687590733124
asb2305.cnf,3,4,2169591363,1.001250210495973481354343092
asb2305.cnf,3,5,2168322812,1.000664783683608872187273167
asb2305.cnf,3,6,2169306791,1.001118882643290994359424147
asb2305.cnf,3,7,2170435060,1.001639570360347545669005565
asb2305.cnf,3,8,2169427033,1.001174373428267195817203000
asb2305.cnf,3,9,2168869912,1.000917266247608804137430438
asb2305.cnf,3,10,2167968098,1.000501085821779824733849504
assabet.cnf,3,1,2283143158,1.000172251016654495148139642
assabet.cnf,3,2,2283597387,1.000371234264732995162494258
assabet.cnf,3,3,2283639838,1.000389830694868852635507579
assabet.cnf,3,4,2283463665,1.000312654918413070237138264
assabet.cnf,3,5,2283070991,1.000140636954003098802824989
assabet.cnf,3,6,2282716523,0.9999853558205222119746210381
assabet.cnf,3,7,2284219297,1.000643673214717474233463482
assabet.cnf,3,8,2282508512,0.9998942328309815686724850712
assabet.cnf,3,9,2283204712,1.000199215862254894924207625
assabet.cnf,3,10,2284068596,1.000577655909638586644464860
at91sam7sek.cnf,3,1,2440486343,1.000184419793431011965513537
at91sam7sek.cnf,3,2,2440106053,1.000028565558026571564782982
at91sam7sek.cnf,3,3,2442337694,1.000943158899298234717447357
at91sam7sek.cnf,3,4,2441383554,1.000552123741474487671895144
at91sam7sek.cnf,3,5,2439655171,0.9998437806061013963123119897
at91sam7sek.cnf,3,6,2440162983,1.000051897177636802683175763
at91sam7sek.cnf,3,7,2441041976,1.000412134843473020519982810
at91sam7sek.cnf,3,8,2440552382,1.000211484554144872018693597
at91sam7sek.cnf,3,9,2440914454,1.000359872507342054549849592
at91sam7sek.cnf,3,10,2441608995,1.000644516217437075298130640
at91sam7xek.cnf,3,1,2615208074,0.9956314460008206243762475050
at91sam7xek.cnf,3,2,2616497242,0.9961222429713327251746506986
at91sam7xek.cnf,3,3,2617111818,0.9963562171616240175898203593
at91sam7xek.cnf,3,4,2618192126,0.9967674993945215038672654691
at91sam7xek.cnf,3,5,2618312160,0.9968131973357971556886227545
at91sam7xek.cnf,3,6,2617095013,0.9963498193584754319486027944
at91sam7xek.cnf,3,7,2618321763,0.9968168532776975346182634731
at91sam7xek.cnf,3,8,2617010989,0.9963178307234408136851297405
at91sam7xek.cnf,3,9,2616321992,0.9960555238400152819361277445
at91sam7xek.cnf,3,10,2618648256,0.9969411518759356287425149701
atlas_mips32_4kc.cnf,3,1,2078287404,0.9987449328825497212773998488
atlas_mips32_4kc.cnf,3,2,2079750583,0.9994480803920508452223481985
atlas_mips32_4kc.cnf,3,3,2078953169,0.9990648739161915489575459814
atlas_mips32_4kc.cnf,3,4,2079316143,0.9992393052496877657312925170
atlas_mips32_4kc.cnf,3,5,2078966334,0.9990712005084694468065003779
atlas_mips32_4kc.cnf,3,6,2078719963,0.9989528040887126696743512220
atlas_mips32_4kc.cnf,3,7,2079028397,0.9991010255974586738630637440
atlas_mips32_4kc.cnf,3,8,2079329308,0.9992456318419656635802469136
atlas_mips32_4kc.cnf,3,9,2078168920,0.9986879940326101505416981607
atlas_mips32_4kc.cnf,3,10,2079148761,0.9991588679030368657879818594
atlas_mips64_5kc.cnf,3,1,2040066531,0.9990033655325775734114249037
atlas_mips64_5kc.cnf,3,2,2041194039,0.9995554966859242117297817715
atlas_mips64_5kc.cnf,3,3,2041981446,0.9999410832494459042041078306
atlas_mips64_5kc.cnf,3,4,2042151497,1.000024355789204157974967908
atlas_mips64_5kc.cnf,3,5,2041101621,0.9995102403711752346758664955
atlas_mips64_5kc.cnf,3,6,2040959296,0.9994405450196566110397946085
atlas_mips64_5kc.cnf,3,7,2042284580,1.000089525411309571566110398
atlas_mips64_5kc.cnf,3,8,2041314184,0.9996143306786043806161745828
atlas_mips64_5kc.cnf,3,9,2039680221,0.9988141927853781390404364570
atlas_mips64_5kc.cnf,3,10,2041547079,0.9997283773948659639762516046
brutus.cnf,3,1,2067602620,0.9983896279636817642405063291
brutus.cnf,3,2,2067257995,0.9982232178313822685917721519
brutus.cnf,3,3,2067139946,0.9981662151481531843354430380
brutus.cnf,3,4,2067480764,0.9983307869826691060126582278
brutus.cnf,3,5,2067758749,0.9984650184534773041930379747
brutus.cnf,3,6,2067962477,0.9985633932186078421677215190
brutus.cnf,3,7,2068676480,0.9989081660403481012658227848
brutus.cnf,3,8,2066785801,0.9979952080642120747626582278
brutus.cnf,3,9,2066924794,0.9980623240410527096518987342
brutus.cnf,3,10,2066852441,0.9980273867257033722310126582
buildroot.cnf,3,1,228088669,0.9986676866047009505021520803
buildroot.cnf,3,2,228149431,0.9989337280798847740315638451
buildroot.cnf,3,3,228063274,0.9985564966625941535150645624
buildroot.cnf,3,4,228054620,0.9985186058274300573888091822
buildroot.cnf,3,5,228005710,0.9983044573703147417503586801
buildroot.cnf,3,6,228073432,0.9986009726394368723098995696
buildroot.cnf,3,7,228088857,0.9986685097474107783357245337
buildroot.cnf,3,8,228122342,0.9988151210965521879483500717
buildroot.cnf,3,9,228111055,0.9987657018850318328550932568
buildroot.cnf,3,10,228126292,0.9988324158502959110473457676
busybox_1_28_0.cnf,3,1,1293661364,1.000187772171768912140251317
busybox_1_28_0.cnf,3,2,1293652012,1.000180541720040471726793677
busybox_1_28_0.cnf,3,3,1294195482,1.000600722815084901955816782
busybox_1_28_0.cnf,3,4,1294429289,1.000781489520310679088974463
busybox_1_28_0.cnf,3,5,1292913183,0.9996093197974493786734900689
busybox_1_28_0.cnf,3,6,1293388070,0.9999764762912436347284150790
busybox_1_28_0.cnf,3,7,1294159112,1.000572603532646559586542359
busybox_1_28_0.cnf,3,8,1293354817,0.9999507669016664502685447912
busybox_1_28_0.cnf,3,9,1293595898,1.000137157463379895875557357
busybox_1_28_0.cnf,3,10,1293356896,0.9999523742700521888933927848
calm16_ceb.cnf,3,1,1843301547,0.9999484316073993773997440273
calm16_ceb.cnf,3,2,1843261035,0.9999264547849271077751706485
calm16_ceb.cnf,3,3,1843473723,1.000041833102906523304180887
calm16_ceb.cnf,3,4,1844243450,1.000459392187402788147042093
calm16_ceb.cnf,3,5,1844557417,1.000629712019086019713452787
calm16_ceb.cnf,3,6,1844106722,1.000385220411558878164106940
calm16_ceb.cnf,3,7,1843181699,0.9998834168409189130937144482
calm16_ceb.cnf,3,8,1843667843,1.000147138710586148588594994
calm16_ceb.cnf,3,9,1844648569,1.000679159869648626368742890
calm16_ceb.cnf,3,10,1844440945,1.000566528654478244542804323
calm32_ceb.cnf,3,1,1844066210,1.001217524753552096676629661
calm32_ceb.cnf,3,2,1844020634,1.001192779714756462603188158
calm32_ceb.cnf,3,3,1844527033,1.001467724047323390353686308
calm32_ceb.cnf,3,4,1844140482,1.001257850001959796648163962
calm32_ceb.cnf,3,5,1843370755,1.000839934334129205362226018
calm32_ceb.cnf,3,6,1844267082,1.001326586220836557963279249
calm32_ceb.cnf,3,7,1844640129,1.001529128402853297128522630
calm32_ceb.cnf,3,8,1841910637,1.000047177695630793214489041
calm32_ceb.cnf,3,9,1842815404,1.000538411996929929903216624
calm32_ceb.cnf,3,10,1844606369,1.001510798744486160777825221
ceb_v850.cnf,3,1,1930623326,0.9987447142180692932940059669
ceb_v850.cnf,3,2,1931702786,0.9993031374768639179888798481
ceb_v850.cnf,3,3,1931275573,0.9990821328304115918260103065
ceb_v850.cnf,3,4,1930415873,0.9986373952064276194229726065
ceb_v850.cnf,3,5,1931845191,0.9993768060372261810923515053
ceb_v850.cnf,3,6,1931249202,0.9990684906576977598657445077
ceb_v850.cnf,3,7,1931838158,0.9993731677451365227488473013
ceb_v850.cnf,3,8,1931606092,0.9992531160044741236099810144
ceb_v850.cnf,3,9,1931333590,0.9991121460242358073976132357
ceb_v850.cnf,3,10,1931076910,0.9989793610372354514171413073
cerf.cnf,3,1,2380466822,0.9994233190396691166354831609
cerf.cnf,3,2,2379006365,0.9988101557858211207489544354
cerf.cnf,3,3,2379640968,0.9990765896762962937486242571
cerf.cnf,3,4,2381068826,0.9996760664546697013262161567
cerf.cnf,3,5,2379473624,0.9990063313999129842615012107
cerf.cnf,3,6,2379690954,0.9990975759692216218633061853
cerf.cnf,3,7,2379645315,0.9990784147356198323657274928
cerf.cnf,3,8,2380975374,0.9996368312478826456911732335
cerf.cnf,3,9,2378097926,0.9984287536540483814384767775
cerf.cnf,3,10,2381318755,0.9997809974994529272369579573
cerfpda.cnf,3,1,2465495896,0.9996939256888668553358843537
cerfpda.cnf,3,2,2466936479,1.000278044314611525762648810
cerfpda.cnf,3,3,2469068090,1.001142356671443601854804422
cerfpda.cnf,3,4,2468061934,1.000734386800908717979379252
cerfpda.cnf,3,5,2468327541,1.000842083473594821229272959
cerfpda.cnf,3,6,2468217246,1.000797361743693449059311224
cerfpda.cnf,3,7,2466130653,0.999951303005218505859375
cerfpda.cnf,3,8,2468284774,1.000824742576702922379889456
cerfpda.cnf,3,9,2467422675,1.000475184041626599370216837
cerfpda.cnf,3,10,2467521715,1.000515342164201801325999150
cma230.cnf,3,1,2026752562,0.9986369744716950763691552570
cma230.cnf,3,2,2027015129,0.9987663484857668096906484113
cma230.cnf,3,3,2028236718,0.9993682591313387004327047275
cma230.cnf,3,4,2027713446,0.9991104285620312701821234823
cma230.cnf,3,5,2028625914,0.9995600267517200214737793852
cma230.cnf,3,6,2027363357,0.9989379300408448337800309997
cma230.cnf,3,7,2026957402,0.9987379047982115611276156032
cma230.cnf,3,8,2027247902,0.9988810421730067125742702144
cma230.cnf,3,9,2028918276,0.9997040815853512093128390597
cma230.cnf,3,10,2027711584,0.9991095111031952337897184190
cma28x.cnf,3,1,2000485236,0.9975484391754748774509803922
cma28x.cnf,3,2,2000770017,0.9976904461430568321078431373
cma28x.cnf,3,3,2000238791,0.9974255485783994587418300654
cma28x.cnf,3,4,2001010985,0.9978106056163513582516339869
cma28x.cnf,3,5,2000799225,0.9977050108068129595588235294
cma28x.cnf,3,6,2000058065,0.9973354289734285641339869281
cma28x.cnf,3,7,2000373879,0.9974929106469247855392156863
cma28x.cnf,3,8,2000598418,0.9976048777461831086601307190
cma28x.cnf,3,9,2000636754,0.9976239941166896446078431373
cma28x.cnf,3,10,2000193153,0.9974027910419538909313725490
cme555.cnf,3,1,2336710275,1.000431234186345880681818182
cme555.cnf,3,2,2336882203,1.000504842858790816147586981
cme555.cnf,3,3,2336381278,1.000290378523461612654320988
cme555.cnf,3,4,2337597507,1.000811090694132075968013468
cme555.cnf,3,5,2336570186,1.000371256955678749298540965
cme555.cnf,3,6,2334997367,0.9996978755484258820847362514
cme555.cnf,3,7,2334908220,0.9996597084533485900673400673
cme555.cnf,3,8,2336470426,1.000328546046675522586980920
cme555.cnf,3,9,2336474671,1.000330363486618572881593715
cme555.cnf,3,10,2336338827,1.000272203695894491792929293
cq7708.cnf,3,1,2159387310,0.9982318064568982330041202133
cq7708.cnf,3,2,2159232502,0.9981602425143028773327678139
cq7708.cnf,3,3,2160457071,0.9987263307372632676169413476
cq7708.cnf,3,4,2158357243,0.9977556317394587581040959767
cq7708.cnf,3,5,2160109746,0.9985657709059759187166747455
cq7708.cnf,3,6,2158875253,0.9979950950611463982216432380
cq7708.cnf,3,7,2160060128,0.9985428337211812287930198740
cq7708.cnf,3,8,2159419065,0.9982464860147835846612942317
cq7708.cnf,3,9,2160054174,0.9985400813329699428926320892
cq7708.cnf,3,10,2158527928,0.9978345352298590493213766360
cq7750.cnf,3,1,2289647087,1.004174578296751722737985744
cq7750.cnf,3,2,2289778998,1.004232430737658351776270407
cq7750.cnf,3,3,2287698205,1.003319853666213003348470913
cq7750.cnf,3,4,2289525814,1.004121391382346785899057255
cq7750.cnf,3,5,2290474723,1.004537556083154667380432283
cq7750.cnf,3,6,2290449192,1.004526358907264960335709358
cq7750.cnf,3,7,2288081173,1.003487812620273922525293171
cq7750.cnf,3,8,2289144973,1.003954365270443142460910554
cq7750.cnf,3,9,2288285423,1.003577390904535121220395493
cq7750.cnf,3,10,2287934368,1.003423428091407507472982295
csb281.cnf,3,1,2202643884,0.9988611033571599723609129815
csb281.cnf,3,2,2201732137,0.9984476417799082133410603899
csb281.cnf,3,3,2201661551,0.9984156322433899767445316215
csb281.cnf,3,4,2201402732,0.9982982622800528634688540181
csb281.cnf,3,5,2200579220,0.9979248137571558859367570138
csb281.cnf,3,6,2200839999,0.9980430725467698210146219686
csb281.cnf,3,7,2200655689,0.9979594911329529708303613885
csb281.cnf,3,8,2201749784,0.9984556443907791696386115074
csb281.cnf,3,9,2200983133,0.9981079813530487046035425583
csb281.cnf,3,10,2200896860,0.9980688580319363335116500238
dreamcast.cnf,3,1,2244395799,0.9999638539389788728538892782
dreamcast.cnf,3,2,2244309578,0.9999254391979207727458537725
dreamcast.cnf,3,3,2244026283,0.9997992204801135741503153469
dreamcast.cnf,3,4,2242353196,0.9990537964665591786381686522
dreamcast.cnf,3,5,2244128926,0.9998449518479523439324924083
dreamcast.cnf,3,6,2245444814,1.000431230095495996116561551
dreamcast.cnf,3,7,2243985225,0.9997809275765475812456201822
dreamcast.cnf,3,8,2243784044,0.9996912937747961559799112357
dreamcast.cnf,3,9,2244638037,1.000071780198758184784512964
dreamcast.cnf,3,10,2244286997,0.9999153785019437722640738145
e7t.cnf,3,1,2351568215,0.9984996482292032623970391808
e7t.cnf,3,2,2350392315,0.9980003491959610053289180766
e7t.cnf,3,3,2350385947,0.9979976452787540262550089047
e7t.cnf,3,4,2349997518,0.9978327143967204718109973286
e7t.cnf,3,5,2351419635,0.9984365596584411784144033838
e7t.cnf,3,6,2351052432,0.9982806415506908114425645592
e7t.cnf,3,7,2350082421,0.9978687650692431075384016028
e7t.cnf,3,8,2351239218,0.9983599527754745415460819234
e7t.cnf,3,9,2349772527,0.9977371809425252097478851291
e7t.cnf,3,10,2350835931,0.9981887130363647787038067676
ea2468.cnf,3,1,2903129968,0.9980679479707636760994953136
ea2468.cnf,3,2,2901346206,0.9974547078820897592600937275
ea2468.cnf,3,3,2901153060,0.9973883061591205445656092286
ea2468.cnf,3,4,2901689893,0.9975728641419249124121304975
ea2468.cnf,3,5,2903692365,0.9982612946090203184142934391
ea2468.cnf,3,6,2902297735,0.9977818343307616131376171593
ea2468.cnf,3,7,2902806164,0.9979566272936369243421052632
ea2468.cnf,3,8,2903382763,0.9981548564418580949779199712
ea2468.cnf,3,9,2902559051,0.9978716722390766872634282624
ea2468.cnf,3,10,2901650127,0.9975591929765081096228370584
eb40.cnf,3,1,2174283781,0.9995462031903454239726440106
eb40.cnf,3,2,2172967505,0.9989410941932367456766690769
eb40.cnf,3,3,2172827900,0.9988769159802013662930826705
eb40.cnf,3,4,2173625643,0.9992436486917910848246565437
eb40.cnf,3,5,2172770064,0.9988503280275555856832971800
eb40.cnf,3,6,2172247543,0.9986101184071733682061942637
eb40.cnf,3,7,2172446978,0.9987018012402861570559170885
eb40.cnf,3,8,2172548690,0.9987485595541306075259098578
eb40.cnf,3,9,2174654731,0.9997167336736767801729332369
eb40.cnf,3,10,2172060073,0.9985239360383632068721378645
eb40a.cnf,3,1,2179938487,1.000698602357352540237665463
eb40a.cnf,3,2,2178207188,0.9999038512669458859807460890
eb40a.cnf,3,3,2178603028,1.000085561226708220517448857
eb40a.cnf,3,4,2178415104,0.9999992949007220216606498195
eb40a.cnf,3,5,2177211592,0.9994468239096814831528279182
eb40a.cnf,3,6,2178531057,1.000052523010474249774368231
eb40a.cnf,3,7,2179650603,1.000566449492416657265342960
eb40a.cnf,3,8,2178247172,0.9999222058825257596269554753
eb40a.cnf,3,9,2177713388,0.9996771728662520682912154031
eb40a.cnf,3,10,2177687399,0.9996652426415545558814681107
eb42.cnf,3,1,2139206715,1.000052206656512092141544118
eb42.cnf,3,2,2140527546,1.000669678519753848805147059
eb42.cnf,3,3,2140942272,1.000863557703354779411764706
eb42.cnf,3,4,2140478408,1.000646707123401118259803922
eb42.cnf,3,5,2139474026,1.000177171183567421109068627
eb42.cnf,3,6,2140938341,1.000861720010346057368259804
eb42.cnf,3,7,2139065197,0.9999860487732232785692401961
eb42.cnf,3,8,2139352164,1.000120202232809627757352941
eb42.cnf,3,9,2140845961,1.000818533523409974341299020
eb42.cnf,3,10,2140099062,1.000469367644366096047794118
eb55.cnf,3,1,2321688534,0.9998350533170822808478211786
eb55.cnf,3,2,2320825001,0.9994631728729778607614585685
eb55.cnf,3,3,2322667776,1.000256763836362610069993226
eb55.cnf,3,4,2322157799,1.000037142266320654704786634
eb55.cnf,3,5,2323085615,1.000436706181222791191578234
eb55.cnf,3,6,2320006466,0.9991106708153668470591555656
eb55.cnf,3,7,2321073562,0.9995702156554390275739444570
eb55.cnf,3,8,2322189940,1.000050983786394537423797697
eb55.cnf,3,9,2321982093,0.9999614744860368540443666742
eb55.cnf,3,10,2320282883,0.9992297097828620226772409122
ebsa285.cnf,3,1,2266418615,1.001123308638501575888721630
ebsa285.cnf,3,2,2265498134,1.000716713414583122249884206
ebsa285.cnf,3,3,2267324966,1.001523662353346004371236684
ebsa285.cnf,3,4,2264876405,1.000442083039842528731472904
ebsa285.cnf,3,5,2266806186,1.001294506650768313600046318
ebsa285.cnf,3,6,2266343927,1.001090317426207110858615100
ebsa285.cnf,3,7,2266743610,1.001266865555806091506484484
ebsa285.cnf,3,8,2265599064,1.000761296253283855372857805
ebsa285.cnf,3,9,2266069398,1.000969052369973349206808708
ebsa285.cnf,3,10,2266953544,1.001359597683615461440481704
ec555.cnf,3,1,2342556257,0.9977828213656358603868914694
ec555.cnf,3,2,2342290307,0.9976695432573516968373157660
ec555.cnf,3,3,2341279696,0.9972390860199342619472979008
ec555.cnf,3,4,2341790320,0.9974565799878398559624832515
ec555.cnf,3,5,2342237117,0.9976468876356948641274006253
ec555.cnf,3,6,2342166906,0.9976169821299203222699866012
ec555.cnf,3,7,2341522243,0.9973423959102519871454890576
ec555.cnf,3,8,2342013718,0.9975517335987985533441268423
ec555.cnf,3,9,2340937153,0.9970931840720268273364225100
ec555.cnf,3,10,2340764817,0.9970197796874836439956453774
ecos-icse11.cnf,3,1,2248808502,1.001462017685460231584169974
ecos-icse11.cnf,3,2,2248260766,1.001218094381527897355825356
ecos-icse11.cnf,3,3,2246877330,1.000602008749217929167639505
ecos-icse11.cnf,3,4,2246887398,1.000606492332228705784496848
ecos-icse11.cnf,3,5,2248462139,1.001307771831034166690987625
ecos-icse11.cnf,3,6,2247739208,1.000985828927819650361895867
ecos-icse11.cnf,3,7,2246909549,1.000616356838314493710600047
ecos-icse11.cnf,3,8,2247505615,1.000881802943886759791618025
ecos-icse11.cnf,3,9,2248854817,1.001482643147035928744454821
ecos-icse11.cnf,3,10,2248633307,1.001383998086178049483422834
edb7xxx.cnf,3,1,2214581926,0.9999952198881091493548768939
edb7xxx.cnf,3,2,2214494917,0.9999559309446450435754024621
edb7xxx.cnf,3,3,2215478324,1.000399988709074078184185606
edb7xxx.cnf,3,4,2213683505,0.9995895375808080037434895833
edb7xxx.cnf,3,5,2214343156,0.9998874032136165734493371212
edb7xxx.cnf,3,6,2214743804,1.000068315953919381806344697
edb7xxx.cnf,3,7,2213703739,0.9995986742503715283942945076
edb7xxx.cnf,3,8,2214800461,1.000093899441487861402107008
edb7xxx.cnf,3,9,2213746232,0.9996178619789354728929924242
edb7xxx.cnf,3,10,2215116122,1.000236436273112441554214015
edosk2674.cnf,3,1,1965759929,1.000904835295180744877869728
edosk2674.cnf,3,2,1965645985,1.000846818495229546933395622
edosk2674.cnf,3,3,1966377717,1.001219394050431136962760278
edosk2674.cnf,3,4,1965329079,1.000685459652242339745728777
edosk2674.cnf,3,5,1966267334,1.001163190402770767985851575
edosk2674.cnf,3,6,1965106533,1.000572146035360895371729845
edosk2674.cnf,3,7,1966573558,1.001319110298054904398024560
edosk2674.cnf,3,8,1965441242,1.000742569621463415142819007
edosk2674.cnf,3,9,1965421658,1.000732598047617980012012814
edosk2674.cnf,3,10,1965092290,1.000564893935366995628670582
embtoolkit.cnf,3,1,10938439060,0.9901014040524794825479309036
embtoolkit.cnf,3,2,10929156250,0.9892611632133489679729024298
embtoolkit.cnf,3,3,10934786476,0.9897707875424836201475892179
embtoolkit.cnf,3,4,10927562028,0.9891168609567003532531321185
embtoolkit.cnf,3,5,10922537203,0.9886620349746449209110430904
embtoolkit.cnf,3,6,10929257150,0.9892702962561095403556852696
embtoolkit.cnf,3,7,10928772830,0.9892264576508587929183276386
embtoolkit.cnf,3,8,10921407122,0.9885597448052107246879745634
embtoolkit.cnf,3,9,10933454594,0.9896502311970124936230542901
embtoolkit.cnf,3,10,10924393765,0.9888300831424710238260487851
excalibur_arm9.cnf,3,1,2133094304,0.9984182832870015337423312883
excalibur_arm9.cnf,3,2,2134657017,0.9991497283186649252300613497
excalibur_arm9.cnf,3,3,2133415866,0.9985687939228455713190184049
excalibur_arm9.cnf,3,4,2132543335,0.9981603961780758723159509202
excalibur_arm9.cnf,3,5,2133078618,0.9984109412819329946319018405
excalibur_arm9.cnf,3,6,2133635469,0.9986715815257441046779141104
excalibur_arm9.cnf,3,7,2133619783,0.9986642395206755655674846626
excalibur_arm9.cnf,3,8,2133486453,0.9986018329456539973159509202
excalibur_arm9.cnf,3,9,2132045305,0.9979272877511802626533742331
excalibur_arm9.cnf,3,10,2133559000,0.9986357893680502300613496933
fads.cnf,3,1,1914315558,0.9989787037819420100889192886
fads.cnf,3,2,1914474736,0.9990617702499786251709986320
fads.cnf,3,3,1913916737,0.9987705804743942907831737346
fads.cnf,3,4,1913955219,0.9987906621679887889021887825
fads.cnf,3,5,1916218703,0.9999718531701209280950752394
fads.cnf,3,6,1915758659,0.9997317808597423798734610123
fads.cnf,3,7,1913806536,0.9987130724780373632010943912
fads.cnf,3,8,1915538258,0.9996167653888749358755129959
fads.cnf,3,9,1913145333,0.9983680260654350312072503420
fads.cnf,3,10,1913717326,0.9986665185596972255471956224
financial.cnf,3,1,325715954,0.9791235296250892681245074862
financial.cnf,3,2,325536443,0.9785839077804481259850275808
financial.cnf,3,3,325505327,0.9784903710427671271670606777
financial.cnf,3,4,325832756,0.9794746441010699862096138692
financial.cnf,3,5,325531656,0.9785695177443484042553191489
financial.cnf,3,6,325797811,0.9793695971381485790977147360
financial.cnf,3,7,325490488,0.9784457640351039204097714736
financial.cnf,3,8,326130984,0.9803711370373448581560283688
financial.cnf,3,9,325202791,0.9775809279758221902088258471
financial.cnf,3,10,325588142,0.9787393183666857515760441292
flexanet.cnf,3,1,2341358381,0.9963825762883619983405845605
flexanet.cnf,3,2,2343187930,0.9971611545533806231871932173
flexanet.cnf,3,3,2344089999,0.9975450367653066693858768407
flexanet.cnf,3,4,2343721548,0.9973882396856305430053547523
flexanet.cnf,3,5,2344547386,0.9977396812251719551818384650
flexanet.cnf,3,6,2345991543,0.9983542530412176047941767068
flexanet.cnf,3,7,2344407629,0.9976802065882072125306782686
flexanet.cnf,3,8,2344500800,0.9977198562043312137438643463
flexanet.cnf,3,9,2343107463,0.9971269112195036657044846051
flexanet.cnf,3,10,2343560615,0.9973197534434341097026996876
freebsd-icse11.cnf,3,1,3390631940,0.9906735899401646034390318627
freebsd-icse11.cnf,3,2,3386592753,0.9894934217719470753389246324
freebsd-icse11.cnf,3,3,3388203873,0.9899641582194496603573069853
freebsd-icse11.cnf,3,4,3387290146,0.9896971858015247419768688725
freebsd-icse11.cnf,3,5,3389020820,0.9902028534926620184206495098
freebsd-icse11.cnf,3,6,3389749524,0.9904157659586738137637867647
freebsd-icse11.cnf,3,7,3389493339,0.9903409139198415419634650735
freebsd-icse11.cnf,3,8,3387460936,0.9897470871607462565104166667
freebsd-icse11.cnf,3,9,3389729599,0.9904099442795211193608302696
freebsd-icse11.cnf,3,10,3388346199,0.9900057429776472203871783088
frv400.cnf,3,1,2209840739,0.9983270280116093435427522501
frv400.cnf,3,2,2208489148,0.9977164275270115984722880152
frv400.cnf,3,3,2208632048,0.9977809846372979334438654666
frv400.cnf,3,4,2210336917,0.9985511834900393863246091900
frv400.cnf,3,5,2208721360,0.9978213326053447714353387020
frv400.cnf,3,6,2208945632,0.9979226506755906560871624822
frv400.cnf,3,7,2207588088,0.9973093608384559302463287541
frv400.cnf,3,8,2208765023,0.9978410579874751580264092847
frv400.cnf,3,9,2208304570,0.9976330417866166989874467077
frv400.cnf,3,10,2209015097,0.9979540324787120014951444813
gps4020.cnf,3,1,2027500739,0.9995220373631386400717239597
gps4020.cnf,3,2,2026016637,0.9987904013019718535958904110
gps4020.cnf,3,3,2027179650,0.9993637461599437233458257948
gps4020.cnf,3,4,2026772689,0.9991631215781504931022227966
gps4020.cnf,3,5,2026044639,0.9988042057931623461327216335
gps4020.cnf,3,6,2028618950,1.000073295626784517155595761
gps4020.cnf,3,7,2026221984,0.9988916337443864693719307315
gps4020.cnf,3,8,2027332728,0.9994392109089780143447919359
gps4020.cnf,3,9,2026587876,0.9990720120348897082579477901
gps4020.cnf,3,10,2027342062,0.9994438124060415118570690101
grg.cnf,3,1,2206569693,0.9996906620306526963331353919
grg.cnf,3,2,2206491725,0.9996553384776353269744655582
grg.cnf,3,3,2205546108,0.9992269248690571184679334917
grg.cnf,3,4,2206581688,0.9996960963885744507125890736
grg.cnf,3,5,2208047094,1.000360001407722962440617577
grg.cnf,3,6,2206733627,0.9997649326460378470160332542
grg.cnf,3,7,2207991117,1.000334640919737464741686461
grg.cnf,3,8,2206371773,0.9996009939923139196110451306
grg.cnf,3,9,2206923550,0.9998509776280781435570071259
grg.cnf,3,10,2206185849,0.9995167607649488290528503563
h8300h_sim.cnf,3,1,1875552634,0.9998135137584637236235326998
h8300h_sim.cnf,3,2,1874136343,0.9990585219466932796778926775
h8300h_sim.cnf,3,3,1875131201,0.9995888576219706911158468418
h8300h_sim.cnf,3,4,1875476638,0.9997730020573180504122414757
h8300h_sim.cnf,3,5,1874162251,0.9990723328992866017153437675
h8300h_sim.cnf,3,6,1875070750,0.9995566325989963623183342650
h8300h_sim.cnf,3,7,1874101799,0.9990401073432355169612912241
h8300h_sim.cnf,3,8,1874217521,0.9991017960515883196792901062
h8300h_sim.cnf,3,9,1875086294,0.9995649187440909507755729458
h8300h_sim.cnf,3,10,1875036206,0.9995382179955385996017328116
h8max.cnf,3,1,2008319863,1.000147818523038460753916449
h8max.cnf,3,2,2007709544,0.9998438782853806298955613577
h8max.cnf,3,3,2007437080,0.9997081905992473074412532637
h8max.cnf,3,4,2007693196,0.9998357369445322699086161880
h8max.cnf,3,5,2009030086,1.000501511177879711977806789
h8max.cnf,3,6,2007822162,0.9998999623032213813642297650
h8max.cnf,3,7,2008283535,1.000129727097155219892297650
h8max.cnf,3,8,2007954761,0.9999659969040992677056135770
h8max.cnf,3,9,2007317195,0.9996484875990267522030026110
h8max.cnf,3,10,2008259921,1.000117967271929310133812010
h8s_sim.cnf,3,1,1879453469,0.9993791481828436999059102314
h8s_sim.cnf,3,2,1879043086,0.9991609314407250792793420686
h8s_sim.cnf,3,3,1879077717,0.9991793461021421212886813493
h8s_sim.cnf,3,4,1879301090,0.9992981222900867063353777530
h8s_sim.cnf,3,5,1878752181,0.9990062458388214494180373571
h8s_sim.cnf,3,6,1879121006,0.9992023645618482323320323390
h8s_sim.cnf,3,7,1878452618,0.9988469564386287505227209367
h8s_sim.cnf,3,8,1879753031,0.9995384370512971646745190967
h8s_sim.cnf,3,9,1879960820,0.9996489266150171191106774463
h8s_sim.cnf,3,10,1879160833,0.9992235421403257967138277112
hs7729pci.cnf,3,1,2530745394,0.9981418046407013318083126551
hs7729pci.cnf,3,2,2528173961,0.9971276153898909626369933830
hs7729pci.cnf,3,3,2526947726,0.9966439806399412447011993383
hs7729pci.cnf,3,4,2527855963,0.9970021949906897406818651778
hs7729pci.cnf,3,5,2530781998,0.9981562414871354651313068652
hs7729pci.cnf,3,6,2528606346,0.9972981507369957254187344913
hs7729pci.cnf,3,7,2529967558,0.9978350212595697470791976840
hs7729pci.cnf,3,8,2528485095,0.9972503285845810958824441687
hs7729pci.cnf,3,9,2527181076,0.9967360153387557188275434243
hs7729pci.cnf,3,10,2528970098,0.9974416167998333624121174524
innovator.cnf,3,1,2294517122,1.002392142833617101609024279
innovator.cnf,3,2,2292825862,1.001653292066615161904489235
innovator.cnf,3,3,2294108816,1.002213768603001173843334860
innovator.cnf,3,4,2293526409,1.001959335896819215600664224
innovator.cnf,3,5,2294631116,1.002441942719106984367842419
innovator.cnf,3,6,2291190563,1.000938888651157157223431058
innovator.cnf,3,7,2294910920,1.002564179039962565849748053
innovator.cnf,3,8,2291901473,1.001249459703963555385364178
innovator.cnf,3,9,2292568857,1.001541015810230375701442968
innovator.cnf,3,10,2293057996,1.001754703076127140116811727
integrator_arm7.cnf,3,1,2300519317,1.001344676868712069617183934
integrator_arm7.cnf,3,2,2300780258,1.001458256389386356829073482
integrator_arm7.cnf,3,3,2302631889,1.002264213910226895895139206
integrator_arm7.cnf,3,4,2299886798,1.001069360974171236735508900
integrator_arm7.cnf,3,5,2301953444,1.001968907852904103434504792
integrator_arm7.cnf,3,6,2300433729,1.001307423067985196899246919
integrator_arm7.cnf,3,7,2301473315,1.001759922596919705257302602
integrator_arm7.cnf,3,8,2299851311,1.001053914584182049791761753
integrator_arm7.cnf,3,9,2300233327,1.001220194295572396665335463
integrator_arm7.cnf,3,10,2302350073,1.002141548149773977707097216
integrator_arm9.cnf,3,1,2350045410,1.000302588665652982732648962
integrator_arm9.cnf,3,2,2349704994,1.000157689760902369030350368
integrator_arm9.cnf,3,3,2351549624,1.000942861041541717808524883
integrator_arm9.cnf,3,4,2350062431,1.000309833696021003612474894
integrator_arm9.cnf,3,5,2350753901,1.000604159596295687695268913
integrator_arm9.cnf,3,6,2348998631,0.9998570246186753357927917875
integrator_arm9.cnf,3,7,2349694356,1.000153161670128912352153537
integrator_arm9.cnf,3,8,2350153918,1.000348775361803221239678643
integrator_arm9.cnf,3,9,2352051738,1.001156587096309853408837313
integrator_arm9.cnf,3,10,2349624146,1.000123276611546059054898460
ipaq.cnf,3,1,2231794754,0.9985481287262514111247947455
ipaq.cnf,3,2,2231798919,0.9985499922277892164408866995
ipaq.cnf,3,3,2232177943,0.9987195748945035314772460708
ipaq.cnf,3,4,2232277905,0.9987642998262495326794510908
ipaq.cnf,3,5,2233481617,0.9993028638509973628460004692
ipaq.cnf,3,6,2232794377,0.9989953793859694335708421300
ipaq.cnf,3,7,2232088393,0.9986795084928923751612714051
ipaq.cnf,3,8,2233371242,0.9992534799416971799495660333
ipaq.cnf,3,9,2234418763,0.9997221610928096319346704199
ipaq.cnf,3,10,2233442049,0.9992851603626785439391273751
iq80310.cnf,3,1,2307666104,0.9989840645601789463231956423
iq80310.cnf,3,2,2308232557,0.9992292809367342207359282796
iq80310.cnf,3,3,2309186364,0.9996421820891211912732637313
iq80310.cnf,3,4,2309377958,0.9997251227504818535803449841
iq80310.cnf,3,5,2307491171,0.9989083364125657395455061280
iq80310.cnf,3,6,2308765689,0.9994600727186925942606672719
iq80310.cnf,3,7,2308474133,0.9993338587064392394603949160
iq80310.cnf,3,8,2307326649,0.9988371151661364208607580572
iq80310.cnf,3,9,2305425284,0.9980140180410280370517476169
iq80310.cnf,3,10,2308163833,0.9991995304538832433755106673
iq80321.cnf,3,1,2298351473,1.001086444336411397079812743
iq80321.cnf,3,2,2295986611,1.000056388090124520081639644
iq80321.cnf,3,3,2296007337,1.000065415655268085250627997
iq80321.cnf,3,4,2297389776,1.000667560696737982416076730
iq80321.cnf,3,5,2297667508,1.000788531637703563884448504
iq80321.cnf,3,6,2297143134,1.000560131539054917646722996
iq80321.cnf,3,7,2297329670,1.000641380496481342058689198
iq80321.cnf,3,8,2297037431,1.000514090782595867706668189
iq80321.cnf,3,9,2295553433,0.9998677099750150309003197077
iq80321.cnf,3,10,2296086097,1.000099720925494235627426353
ixdp425.cnf,3,1,2241631997,0.9989658235389495564398364486
ixdp425.cnf,3,2,2242088376,0.9991692052823360835280373832
ixdp425.cnf,3,3,2242228332,0.9992315755826290522780373832
ixdp425.cnf,3,4,2239865304,0.9981785105767651139018691589
ixdp425.cnf,3,5,2239938324,0.9982110513704959477219626168
ixdp425.cnf,3,6,2241072172,0.9987163418921354775116822430
ixdp425.cnf,3,7,2241844974,0.9990607350786155629380841121
ixdp425.cnf,3,8,2240258804,0.9983538707840108425817757009
ixdp425.cnf,3,9,2240094507,0.9982806531068320586302570093
ixdp425.cnf,3,10,2241686763,0.9989902295798898857330607477
jmr3904.cnf,3,1,1967907219,1.001196357338356634685916244
jmr3904.cnf,3,2,1967139205,1.000805621021237173662976794
jmr3904.cnf,3,3,1966230569,1.000343341578099211873166178
jmr3904.cnf,3,4,1967104951,1.000788193888650254651240331
jmr3904.cnf,3,5,1966320712,1.000389202908536026273672979
jmr3904.cnf,3,6,1967582706,1.001031257464555652340624166
jmr3904.cnf,3,7,1967842316,1.001163337160091649439850627
jmr3904.cnf,3,8,1966841735,1.000654279597443432832088557
jmr3904.cnf,3,9,1966079130,1.000266295173830208889037077
jmr3904.cnf,3,10,1967867556,1.001176178312263478594291811
jtst.cnf,3,1,2178311146,0.9997109687592228291927333975
jtst.cnf,3,2,2180186386,1.000571588694303510737487969
jtst.cnf,3,3,2178523060,0.9998082242640769745548604427
jtst.cnf,3,4,2178321142,0.9997155563090143580064966314
jtst.cnf,3,5,2179194788,1.000116506141464336200673725
jtst.cnf,3,6,2178940891,0.9999999830192734807356833494
jtst.cnf,3,7,2178806945,0.9999385100356424164611405197
jtst.cnf,3,8,2177867326,0.9995072826499314808409528393
jtst.cnf,3,9,2177953291,0.9995467353027754958944898941
jtst.cnf,3,10,2179916496,1.000447725767809341915303176
linux.cnf,3,1,2118355227,1.000852599957806065379613574
linux.cnf,3,2,2116632014,1.000038438957163329050037156
linux.cnf,3,3,2116418813,0.9999377085544226161908595492
linux.cnf,3,4,2117162083,1.000288878982540165577780530
linux.cnf,3,5,2117590442,1.000491264405627341621253406
linux.cnf,3,6,2117459391,1.000429347153787185332548922
linux.cnf,3,7,2117297045,1.000352644052191302715506564
linux.cnf,3,8,2117950341,1.000661304748852653966435472
linux.cnf,3,9,2118320020,1.000835965817772518268516225
linux.cnf,3,10,2116575291,1.000011639220601767633762695
lpcmt.cnf,3,1,2221429429,1.000245605357082752375472144
lpcmt.cnf,3,2,2221814636,1.000419052959726710044853636
lpcmt.cnf,3,3,2221331599,1.000201555329521834794027384
lpcmt.cnf,3,4,2222477030,1.000717309874335587080972616
lpcmt.cnf,3,5,2222672691,1.000805410379728582020184136
lpcmt.cnf,3,6,2223017135,1.000960503579086577475802644
lpcmt.cnf,3,7,2221137976,1.000114372476752463999055713
lpcmt.cnf,3,8,2221614899,1.000329117149086466817162417
lpcmt.cnf,3,9,2220791493,0.9999583611744996846228753541
lpcmt.cnf,3,10,2222401619,1.000683354475905694862488196
m5272c3.cnf,3,1,2681792025,0.9959330904149563513069509346
m5272c3.cnf,3,2,2681636978,0.9958755108426293108693535826
m5272c3.cnf,3,3,2680076818,0.9952961165585621866481697819
m5272c3.cnf,3,4,2681716924,0.9959052002689920110494548287
m5272c3.cnf,3,5,2682947609,0.9963622379154431114315615265
m5272c3.cnf,3,6,2682264434,0.9961085282382192641403816199
m5272c3.cnf,3,7,2682799830,0.9963073574493978625146028037
m5272c3.cnf,3,8,2681743573,0.9959150968682357455339758567
m5272c3.cnf,3,9,2681481931,0.9958179312703022704317562305
m5272c3.cnf,3,10,2683170489,0.9964450085274527006060163551
mac7100evb.cnf,3,1,2140387994,1.000359253625138312454055379
mac7100evb.cnf,3,2,2141068065,1.000677100351936996523523646
mac7100evb.cnf,3,3,2141590895,1.000921456903197314919750061
mac7100evb.cnf,3,4,2142052792,1.001137335024111354447439353
mac7100evb.cnf,3,5,2143090589,1.001622373173850858015804950
mac7100evb.cnf,3,6,2141207617,1.000742323168993171480642000
mac7100evb.cnf,3,7,2143719556,1.001916335278122894204851752
mac7100evb.cnf,3,8,2140468581,1.000396917801632421970717961
mac7100evb.cnf,3,9,2140608133,1.000462140618688596927836315
mac7100evb.cnf,3,10,2142913692,1.001539696317418946030384710
mace1.cnf,3,1,2140236649,0.9988200260252890739692928799
mace1.cnf,3,2,2143143658,1.000176688526322505046488867
mace1.cnf,3,3,2141242997,0.9992896752745999606220944458
mace1.cnf,3,4,2143654694,1.000415182241986309487399070
mace1.cnf,3,5,2140961927,0.9991585036376475237796672376
mace1.cnf,3,6,2141376652,0.9993520502884288215683875703
mace1.cnf,3,7,2141915206,0.9996033862893086119097137264
mace1.cnf,3,8,2141303928,0.9993181109632581202593589430
mace1.cnf,3,9,2141368790,0.9993483811974204604538781502
mace1.cnf,3,10,2142497001,0.9998749022907343883808416932
malta_mips32_4kc.cnf,3,1,2160316741,1.000358626459894553062029619
malta_mips32_4kc.cnf,3,2,2159874691,1.000153930304727093575503763
malta_mips32_4kc.cnf,3,3,2159884471,1.000158459042194660035809663
malta_mips32_4kc.cnf,3,4,2159401345,0.9999347421896634214159990289
malta_mips32_4kc.cnf,3,5,2162008659,1.001142087854439554124180626
malta_mips32_4kc.cnf,3,6,2161509885,1.000911125021960209167880554
malta_mips32_4kc.cnf,3,7,2161443382,1.000880330070241847991017237
malta_mips32_4kc.cnf,3,8,2162084942,1.001177411543625481761349842
malta_mips32_4kc.cnf,3,9,2161455118,1.000885764555202927743384317
malta_mips32_4kc.cnf,3,10,2160481043,1.000434708323227488088735130
malta_mips64_5kc.cnf,3,1,2160314785,1.000114915440383466702063107
malta_mips64_5kc.cnf,3,2,2160770527,1.000325900605581339123179612
malta_mips64_5kc.cnf,3,3,2160365641,1.000138459159332571677791262
malta_mips64_5kc.cnf,3,4,2160103540,1.000017119842825584041262136
malta_mips64_5kc.cnf,3,5,2161975407,1.000883698231965592763956311
malta_mips64_5kc.cnf,3,6,2161230181,1.000538696826082988850121359
malta_mips64_5kc.cnf,3,7,2160457571,1.000181018033073943795509709
malta_mips64_5kc.cnf,3,8,2160837030,1.000356688082796856037621359
malta_mips64_5kc.cnf,3,9,2161259521,1.000552279740861318643810680
malta_mips64_5kc.cnf,3,10,2161308420,1.000574917469209837682038835
mb93091.cnf,3,1,2266230864,0.9982661293505521073903002309
mb93091.cnf,3,2,2267415825,0.9987881001919576807881062356
mb93091.cnf,3,3,2268365838,0.9992065773274551638279445727
mb93091.cnf,3,4,2267812175,0.9989626908687741321449191686
mb93091.cnf,3,5,2267826476,0.9989689904052170539838337182
mb93091.cnf,3,6,2268271858,0.9991651794926949516454965358
mb93091.cnf,3,7,2268837779,0.9994144655540413449047344111
mb93091.cnf,3,8,2268284116,0.9991705790953603132217090069
mb93091.cnf,3,9,2267869380,0.9989878894550420395496535797
mb93091.cnf,3,10,2268762187,0.9993811675637753951356812933
mb93093.cnf,3,1,2164879567,0.9998014727169895864860774818
mb93093.cnf,3,2,2163491744,0.9991605375349954600484261501
mb93093.cnf,3,3,2165543309,1.000108007195498117811743341
mb93093.cnf,3,4,2165210465,0.9999542905978371386955205811
mb93093.cnf,3,5,2164052323,0.9994194284766984620914043584
mb93093.cnf,3,6,2164815334,0.9997718081347301566283292978
mb93093.cnf,3,7,2165087838,0.9998976580455863158292978208
mb93093.cnf,3,8,2164303416,0.9995353901934681446731234867
mb93093.cnf,3,9,2165218250,0.9999578859269186024515738499
mb93093.cnf,3,10,2165825545,1.000238351614076923804479419
mbx.cnf,3,1,2534460481,0.9991938266541259059141174039
mbx.cnf,3,2,2533449479,0.9987952459839169966282554775
mbx.cnf,3,3,2532043165,0.9982408162432793202898925176
mbx.cnf,3,4,2533338155,0.9987513572532019865517775940
mbx.cnf,3,5,2532429390,0.9983930828256910622933030178
mbx.cnf,3,6,2534944398,0.9993846076438623107430756511
mbx.cnf,3,7,2532851966,0.9985596805429005238476643241
mbx.cnf,3,8,2532904220,0.9985802813274104420731707317
mbx.cnf,3,9,2532118138,0.9982703738391966108154195949
mbx.cnf,3,10,2533719837,0.9989018327887268192564076064
mcb2100.cnf,3,1,2221608785,1.000090271114937280578829360
mcb2100.cnf,3,2,2221319370,0.9999599866437157961116355912
mcb2100.cnf,3,3,2222782750,1.000618748938331126829124380
mcb2100.cnf,3,4,2222395505,1.000444424836062192072810951
mcb2100.cnf,3,5,2221877819,1.000211380775565101708166155
mcb2100.cnf,3,6,2223598004,1.000985747664386100129808827
mcb2100.cnf,3,7,2221586365,1.000080178418135851206632051
mcb2100.cnf,3,8,2222283407,1.000393962252384822324168043
mcb2100.cnf,3,9,2220832256,0.9997407050241916450318621666
mcb2100.cnf,3,10,2222576898,1.000526081595692061747698844
moab.cnf,3,1,2423116296,0.9982132946698248515118790497
moab.cnf,3,2,2423484448,0.9983649564870747840172786177
moab.cnf,3,3,2424157579,0.9986422557295269894033477322
moab.cnf,3,4,2424410276,0.9987463553574893696004319654
moab.cnf,3,5,2424447309,0.9987616112628714312230021598
moab.cnf,3,6,2423663079,0.9984385443042730409692224622
moab.cnf,3,7,2425275107,0.9991026262485182825998920086
moab.cnf,3,8,2424571479,0.9988127636343047634314254860
moab.cnf,3,9,2424741395,0.9988827612693572404832613391
moab.cnf,3,10,2422325531,0.9978875355895600617575593952
mpc50.cnf,3,1,2030748964,0.9993153405755419972265221878
mpc50.cnf,3,2,2030902041,0.9993906685442378277380030960
mpc50.cnf,3,3,2032384277,1.000120065037557092121388029
mpc50.cnf,3,4,2031030850,0.9994540544240221273542311662
mpc50.cnf,3,5,2031493815,0.9996818758016769361938854489
mpc50.cnf,3,6,2032059455,0.9999602227265128656314499484
mpc50.cnf,3,7,2030862838,0.9993713770611490381514447884
mpc50.cnf,3,8,2031361273,0.9996166529424173298019865841
mpc50.cnf,3,9,2031012182,0.9994448680503695618872549020
mpc50.cnf,3,10,2032511219,1.000182532181557733085010320
nano.cnf,3,1,2369614742,1.000150794079673583065943793
nano.cnf,3,2,2369769322,1.000216038149525354752157557
nano.cnf,3,3,2369195470,0.9999738306196212346481522461
nano.cnf,3,4,2369455927,1.000083762529967870034852844
nano.cnf,3,5,2370275412,1.000429645157620083259570701
nano.cnf,3,6,2369119239,0.9999416555601771254010843107
nano.cnf,3,7,2369890021,1.000266981958472430640075238
nano.cnf,3,8,2370046718,1.000333119557214590479088294
nano.cnf,3,9,2370055189,1.000336694938995638208121266
nano.cnf,3,10,2370192828,1.000394788667358479475547688
npwr.cnf,3,1,2309259253,0.9983142518175804712290344515
npwr.cnf,3,2,2308338767,0.9979163171590077044849274705
npwr.cnf,3,3,2309448765,0.9983961796176941526660244787
npwr.cnf,3,4,2308844826,0.9981350911711954789494560290
npwr.cnf,3,5,2309942328,0.9986095514928656929963735267
npwr.cnf,3,6,2308553269,0.9980090483685352536406391659
npwr.cnf,3,7,2308780267,0.9981071817150790369305303717
npwr.cnf,3,8,2310113097,0.9986833765197643235069129646
npwr.cnf,3,9,2309973567,0.9986230564030969780570036265
npwr.cnf,3,10,2307874359,0.9977155492614856764930870354
ocelot.cnf,3,1,2335880353,1.000300448520011199553771890
ocelot.cnf,3,2,2334776621,0.9998277943392318088375617423
ocelot.cnf,3,3,2337132665,1.000836729521595098857768298
ocelot.cnf,3,4,2335341222,1.000069574973590715508531657
ocelot.cnf,3,5,2335428247,1.000106841927962181115289627
ocelot.cnf,3,6,2335502537,1.000138655338364435409182757
ocelot.cnf,3,7,2336005584,1.000354076534523041086663673
ocelot.cnf,3,8,2335578949,1.000171377458645187261450382
ocelot.cnf,3,9,2336504387,1.000567680310924651647395599
ocelot.cnf,3,10,2334785111,0.9998314300352112830461383026
olpce2294.cnf,3,1,2395911959,0.9938754674505803729202914311
olpce2294.cnf,3,2,2395661041,0.9937713813035059825603523271
olpce2294.cnf,3,3,2394975342,0.9934869387088624639789038712
olpce2294.cnf,3,4,2397488851,0.9945295959412921973548281862
olpce2294.cnf,3,5,2396502482,0.9941204290070602197966507177
olpce2294.cnf,3,6,2396076354,0.9939436620087559298879947803
olpce2294.cnf,3,7,2395557213,0.9937283112308988367904523706
olpce2294.cnf,3,8,2397047581,0.9943465477178904635847107438
olpce2294.cnf,3,9,2396898327,0.9942846339699909862304262723
olpce2294.cnf,3,10,2396260217,0.9940199323092506677495650283
olpch2294.cnf,3,1,2290718691,1.000962007660226723582474227
olpch2294.cnf,3,2,2291140287,1.001146230009413257087628866
olpch2294.cnf,3,3,2287897562,0.9997292753483967819301260023
olpch2294.cnf,3,4,2290492162,1.000863022602164322021764032
olpch2294.cnf,3,5,2290567671,1.000896017330209004510309278
olpch2294.cnf,3,6,2289611214,1.000478079884322648195876289
olpch2294.cnf,3,7,2289609117,1.000477163570443379510309278
olpch2294.cnf,3,8,2290188025,1.000730125628249615191867125
olpch2294.cnf,3,9,2291161262,1.001155395333026829180985109
olpch2294.cnf,3,10,2290336947,1.000795199207423888530927835
olpcl2294.cnf,3,1,2390194565,0.9988900823200302725816170026
olpcl2294.cnf,3,2,2389970133,0.9987962895793730913809158633
olpcl2294.cnf,3,3,2388431483,0.9981532698655525495042725679
olpcl2294.cnf,3,4,2390805277,0.9991453059611876318059815951
olpcl2294.cnf,3,5,2389204045,0.9984761325023761451714504820
olpcl2294.cnf,3,6,2390365046,0.9989613283108870884914548642
olpcl2294.cnf,3,7,2390785855,0.9991371892817076834328439965
olpcl2294.cnf,3,8,2387982620,0.9979656848021498069127957932
olpcl2294.cnf,3,9,2390293832,0.9989315671527939444566170026
olpcl2294.cnf,3,10,2390075875,0.9988404803898750325235539001
p2106.cnf,3,1,2223485906,1.001171577640926083716949953
p2106.cnf,3,2,2222191691,1.000588829951876171137275732
p2106.cnf,3,3,2221700501,1.000367661260905639533168083
p2106.cnf,3,4,2222717530,1.000825600088261792522426818
p2106.cnf,3,5,2222167234,1.000577817670121521630075543
p2106.cnf,3,6,2222815360,1.000869650115822710103871577
p2106.cnf,3,7,2221932848,1.000472280414066188621340888
p2106.cnf,3,8,2221142052,1.000116207781999712287535411
p2106.cnf,3,9,2222350666,1.000660411809501611927525968
p2106.cnf,3,10,2222291560,1.000633798082331872639282342
pati.cnf,3,1,2236718901,1.001926429734200925096876468
pati.cnf,3,2,2235358665,1.001317119195238420693400658
pati.cnf,3,3,2235175673,1.001235148894389283774659465
pati.cnf,3,4,2235590454,1.001420947854761900393377172
pati.cnf,3,5,2236824630,1.001973790481875568782292156
pati.cnf,3,6,2234106190,1.000756079627628783319633631
pati.cnf,3,7,2237839216,1.002428268927148162282761860
pati.cnf,3,8,2238538650,1.002741576696909218676608736
pati.cnf,3,9,2237251610,1.002165053919930590212541099
pati.cnf,3,10,2236409849,1.001787991521502952163574448
pc_i82544.cnf,3,1,2325686473,0.9990754312223142331784909910
pc_i82544.cnf,3,2,2325521559,0.9990045869672620618665540541
pc_i82544.cnf,3,3,2325442233,0.9989705098641885293496621622
pc_i82544.cnf,3,4,2326440068,0.9993991628423467412725225225
pc_i82544.cnf,3,5,2326817909,0.9995614769222500087978603604
pc_i82544.cnf,3,6,2326258454,0.9993211445507702526745495495
pc_i82544.cnf,3,7,2325872262,0.9991552430230218010979729730
pc_i82544.cnf,3,8,2327442078,0.9998296093296360325168918919
pc_i82544.cnf,3,9,2327208276,0.9997291719591295396959459459
pc_i82544.cnf,3,10,2326444243,0.9994009563514778205940315315
pc_i82559.cnf,3,1,2325792936,1.002281513033115750677812924
pc_i82559.cnf,3,2,2325404657,1.002114187362126187937754180
pc_i82559.cnf,3,3,2326650908,1.002651249074957460178490737
pc_i82559.cnf,3,4,2325279406,1.002060211464338479298463624
pc_i82559.cnf,3,5,2325463108,1.002139376344262772537279711
pc_i82559.cnf,3,6,2325477721,1.002145673697532381453343877
pc_i82559.cnf,3,7,2325542434,1.002173561237540333399231812
pc_i82559.cnf,3,8,2326755284,1.002696229061604192555354722
pc_i82559.cnf,3,9,2326494343,1.002583778664045510548463624
pc_i82559.cnf,3,10,2324868164,1.001882990075622917137370086
pc_rltk8139.cnf,3,1,2347304598,0.9991359553201952514784646284
pc_rltk8139.cnf,3,2,2348827464,0.9997841669655995453023878599
pc_rltk8139.cnf,3,3,2347375236,0.9991660225580271214572640036
pc_rltk8139.cnf,3,4,2347204874,0.9990935075551743646786431600
pc_rltk8139.cnf,3,5,2348222888,0.9995268277093997573086364651
pc_rltk8139.cnf,3,6,2347572606,0.9992500335822757720095960723
pc_rltk8139.cnf,3,7,2346768582,0.9989077987960342104162017407
pc_rltk8139.cnf,3,8,2347917484,0.9993968317482626297143494756
pc_rltk8139.cnf,3,9,2349405032,1.000030010200403439522428029
pc_rltk8139.cnf,3,10,2348939654,0.9998319209140742684389645168
pc_usb_d12.cnf,3,1,2420502899,0.9971366944117371000944924406
pc_usb_d12.cnf,3,2,2419201110,0.9966004167725663978131749460
pc_usb_d12.cnf,3,3,2420219232,0.9970198365576066414686825054
pc_usb_d12.cnf,3,4,2420206039,0.9970144016438889966927645788
pc_usb_d12.cnf,3,5,2420300594,0.9970533539872962506749460043
pc_usb_d12.cnf,3,6,2420619444,0.9971847056312643426025917927
pc_usb_d12.cnf,3,7,2420738189,0.9972336231503579323029157667
pc_usb_d12.cnf,3,8,2419533154,0.9967372037422064828563714903
pc_usb_d12.cnf,3,9,2419429803,0.9966946278483512334638228942
pc_usb_d12.cnf,3,10,2421083427,0.9973758454456700104616630670
pc_vmWare.cnf,3,1,2305199577,1.000186365229959808988284804
pc_vmWare.cnf,3,2,2305737172,1.000419618434749808064149227
pc_vmWare.cnf,3,3,2305135479,1.000158554212519860029003640
pc_vmWare.cnf,3,4,2306322323,1.000673505368289131810168335
pc_vmWare.cnf,3,5,2305534540,1.000331699902410394392629663
pc_vmWare.cnf,3,6,2306049390,1.000555084443721476199954504
pc_vmWare.cnf,3,7,2304719877,0.9999782316678214658922884440
pc_vmWare.cnf,3,8,2305586232,1.000354128170273757393084622
pc_vmWare.cnf,3,9,2304788110,1.000007836790492688665832575
pc_vmWare.cnf,3,10,2306545631,1.000770394860667679069040036
phycore.cnf,3,1,2362630688,0.9976445456271100841266327208
phycore.cnf,3,2,2363128198,0.9978546242231496118828868718
phycore.cnf,3,3,2363199580,0.9978847659898326807062209431
phycore.cnf,3,4,2363597588,0.9980528288666643029112242639
phycore.cnf,3,5,2363891768,0.9981770493273242057781713527
phycore.cnf,3,6,2363500249,0.9980117264959383042533761346
phycore.cnf,3,7,2362544164,0.9976080099987936199357980961
phycore.cnf,3,8,2363904746,0.9981825294182156471385875581
phycore.cnf,3,9,2362801572,0.9977167031130010585012176223
phycore.cnf,3,10,2362055306,0.9974015847966817197531547487
phycore229x.cnf,3,1,2782511597,0.9968481762439661864317242675
phycore229x.cnf,3,2,2781924713,0.9966379222253674765801089406
phycore229x.cnf,3,3,2781535212,0.9964983816168345874812171300
phycore229x.cnf,3,4,2781816811,0.9965992658143648968703042825
phycore229x.cnf,3,5,2783740632,0.9972884839500008804470323065
phycore229x.cnf,3,6,2784288040,0.9974845955015393148948159279
phycore229x.cnf,3,7,2781556266,0.9965059243137007096403080391
phycore229x.cnf,3,8,2783480088,0.9971951428075915077948910594
phycore229x.cnf,3,9,2783132694,0.9970706872345360484363260706
phycore229x.cnf,3,10,2784609115,0.9975996221661298996877347859
picasso.cnf,3,1,2225105043,1.000719420332527475462744636
picasso.cnf,3,2,2225070478,1.000703875058890794476538552
picasso.cnf,3,3,2224968816,1.000658153560020484555529356
picasso.cnf,3,4,2225527957,1.000909621803807189121079934
picasso.cnf,3,5,2223155167,0.9998424825058936847883753832
picasso.cnf,3,6,2225900039,1.001076962075911442982197595
picasso.cnf,3,7,2225241270,1.000780687105034466369959915
picasso.cnf,3,8,2224068091,1.000253061223946436203136053
picasso.cnf,3,9,2225202638,1.000763312737578014471822683
picasso.cnf,3,10,2225139608,1.000734965606164156448950719
pid.cnf,3,1,2106955769,1.001669791973718736369017946
pid.cnf,3,2,2106757715,1.001575634938294248115029910
pid.cnf,3,3,2106151902,1.001287624819328635188185444
pid.cnf,3,4,2106746065,1.001570096401013025376994018
pid.cnf,3,5,2106021808,1.001225776710396155284147557
pid.cnf,3,6,2105610165,1.001030077130820672747382851
pid.cnf,3,7,2105798511,1.001119618876981117195289133
pid.cnf,3,8,2105241241,1.000854686630568499579386839
pid.cnf,3,9,2105885888,1.001161158857412138584247258
pid.cnf,3,10,2108081960,1.002205195479236119765702891
prpmc1100.cnf,3,1,2079710794,1.000184957030080390349218356
prpmc1100.cnf,3,2,2080675140,1.000648735150266523260211800
prpmc1100.cnf,3,3,2078696699,0.9996972533710304679620524458
prpmc1100.cnf,3,4,2080818644,1.000717749814462974344427635
prpmc1100.cnf,3,5,2081042510,1.000825412575187433024457892
prpmc1100.cnf,3,6,2080095384,1.000369915983860864220877458
prpmc1100.cnf,3,7,2079230534,0.9999539879795522685010085729
prpmc1100.cnf,3,8,2080397699,1.000515306831548385889435199
prpmc1100.cnf,3,9,2081553384,1.001071104664304793872919818
prpmc1100.cnf,3,10,2079808376,1.000231886655467962052445789
psim.cnf,3,1,1886512901,0.9986782688052992406501526506
psim.cnf,3,2,1886711023,0.9987831502168535226720788232
psim.cnf,3,3,1887558641,0.9992318604676021392762975298
psim.cnf,3,4,1885653224,0.9982231747862566784623924507
psim.cnf,3,5,1886569754,0.9987083655279806975090202609
psim.cnf,3,6,1886835065,0.9988488153123604136310019428
psim.cnf,3,7,1885863406,0.9983344404954828224743269498
psim.cnf,3,8,1886686904,0.9987703821508877150985290036
psim.cnf,3,9,1885851346,0.9983280561978109604843186234
psim.cnf,3,10,1887574146,0.9992400684721960215445462115
rattler.cnf,3,1,2672717872,0.9980040679429785385669537980
rattler.cnf,3,2,2673573549,0.9983235813251396782620399374
rattler.cnf,3,3,2673516975,0.9983024563561591116263703994
rattler.cnf,3,4,2673526404,0.9983059771843225393989819890
rattler.cnf,3,5,2672281784,0.9978412308539836408574784652
rattler.cnf,3,6,2673689053,0.9983667110033864235635277995
rattler.cnf,3,7,2671711333,0.9976282220570109463708888019
rattler.cnf,3,8,2673311896,0.9982258789970619004502740799
rattler.cnf,3,9,2673128031,0.9981572230345771568495497259
rattler.cnf,3,10,2674570659,0.9986959063829438426854933438
ref4955.cnf,3,1,2067552604,1.001153498986373246699669967
ref4955.cnf,3,2,2066624616,1.000704147211032701827875095
ref4955.cnf,3,3,2068181972,1.001458252526443299378014725
ref4955.cnf,3,4,2066858976,1.000817629370358910891089109
ref4955.cnf,3,5,2066382697,1.000587004821111054915587713
ref4955.cnf,3,6,2067577174,1.001165396309528413778877888
ref4955.cnf,3,7,2066726676,1.000753566861061857387661843
ref4955.cnf,3,8,2066777706,1.000778276686076435167555217
ref4955.cnf,3,9,2066908116,1.000841424016669245049504950
ref4955.cnf,3,10,2068268912,1.001500350746838505965981214
refidt334.cnf,3,1,2374300174,0.9990333533565808205106993161
refidt334.cnf,3,2,2376669001,1.000030083764659209201963380
refidt334.cnf,3,3,2375667940,0.9996088677201606620891242003
refidt334.cnf,3,4,2376681646,1.000035404396351667631811163
refidt334.cnf,3,5,2377469850,1.000367056684411968481138319
refidt334.cnf,3,6,2376152664,0.9998128248476019606221045665
refidt334.cnf,3,7,2377482495,1.000372377316104426910986102
refidt334.cnf,3,8,2376508831,0.9999626890965547357572247959
refidt334.cnf,3,9,2375766992,0.9996505457913667824840061769
refidt334.cnf,3,10,2376314941,0.9998811060772703731662254578
sa1100mm.cnf,3,1,2074943317,1.000161814213642605272302249
sa1100mm.cnf,3,2,2075193355,1.000282337245598928718094516
sa1100mm.cnf,3,3,2074775352,1.000080851915661722896133434
sa1100mm.cnf,3,4,2075720154,1.000536264299532967683851403
sa1100mm.cnf,3,5,2074569213,0.9999814890296826134855951478
sa1100mm.cnf,3,6,2075286881,1.000327418541588926664771291
sa1100mm.cnf,3,7,2076004550,1.000673348535514100802375537
sa1100mm.cnf,3,8,2075634263,1.000494863217546387335734142
sa1100mm.cnf,3,9,2074660830,1.000025650151667041793025019
sa1100mm.cnf,3,10,2075136095,1.000254736845620449124968410
sam7ex256.cnf,3,1,2660737476,0.9946989390673426168659349275
sam7ex256.cnf,3,2,2657795290,0.9935990224768721977900823207
sam7ex256.cnf,3,3,2659182320,0.9941175543808647344178753430
sam7ex256.cnf,3,4,2657876880,0.9936295243535776411211289690
sam7ex256.cnf,3,5,2658935078,0.9940251246100544976234809878
sam7ex256.cnf,3,6,2658912826,0.9940168058484360453008624069
sam7ex256.cnf,3,7,2658440593,0.9938402646945907012568600549
sam7ex256.cnf,3,8,2660735003,0.9946980145528053872868482948
sam7ex256.cnf,3,9,2658789205,0.9939705909630309269036652293
sam7ex256.cnf,3,10,2658700197,0.9939373159165571176131909055
se7751.cnf,3,1,2484471566,0.9972124252255115444812710438
se7751.cnf,3,2,2485609794,0.9976692849939519708806818182
se7751.cnf,3,3,2484778274,0.9973355310934561270254629630
se7751.cnf,3,4,2485157684,0.9974878179505216553556397306
se7751.cnf,3,5,2484310260,0.9971476805330526949179292929
se7751.cnf,3,6,2484680582,0.9972963196661335852009680135
se7751.cnf,3,7,2484137594,0.9970783761856130477956649832
se7751.cnf,3,8,2483705931,0.9969051161197700885811237374
se7751.cnf,3,9,2486148238,0.9978854046124801892624158249
se7751.cnf,3,10,2484916861,0.9973911568773314607665193603
sh4_202_md.cnf,3,1,2294835533,0.9995550163044290309574103677
sh4_202_md.cnf,3,2,2294637691,0.9994688428245905083209636903
sh4_202_md.cnf,3,3,2294648104,0.9994733783855207381822333866
sh4_202_md.cnf,3,4,2293631821,0.9990307188763632625171271980
sh4_202_md.cnf,3,5,2294800129,0.9995395954843796832182005024
sh4_202_md.cnf,3,6,2294300318,0.9993218942221018461692167161
sh4_202_md.cnf,3,7,2292078241,0.9983540304340328574588947248
sh4_202_md.cnf,3,8,2294925082,0.9995940209088409347168303266
sh4_202_md.cnf,3,9,2294285740,0.9993155445239129581525462434
sh4_202_md.cnf,3,10,2294214934,0.9992847037549486005651975337
sh7708.cnf,3,1,2237326520,0.9993821262475757464871194379
sh7708.cnf,3,2,2238711416,1.000000739711788275761124122
sh7708.cnf,3,3,2236929366,0.9992047231705462346311475410
sh7708.cnf,3,4,2236460189,0.9989951484376429394759953162
sh7708.cnf,3,5,2239153841,1.000198364704498362485362998
sh7708.cnf,3,6,2236980811,0.9992277029247417941305620609
sh7708.cnf,3,7,2237598149,0.9995034590817167831528103044
sh7708.cnf,3,8,2235803752,0.9987019273101306352459016393
sh7708.cnf,3,9,2237661940,0.9995319536195705869437939110
sh7708.cnf,3,10,2237203052,0.9993269748375064036885245902
skmb91302.cnf,3,1,2069503740,1.001081696446704404958153690
skmb91302.cnf,3,2,2069132328,1.000902033202877330078620340
skmb91302.cnf,3,3,2068934367,1.000806273465951082218488461
skmb91302.cnf,3,4,2069775229,1.001213023906246284951179305
skmb91302.cnf,3,5,2069850643,1.001249503944236374191605377
skmb91302.cnf,3,6,2068151951,1.000427795127657745926325133
skmb91302.cnf,3,7,2069437753,1.001049776534395655671443064
skmb91302.cnf,3,8,2068055799,1.000381283490391150060233325
skmb91302.cnf,3,9,2068457376,1.000575538459176071519147857
skmb91302.cnf,3,10,2068662878,1.000674946006409202225462846
sleb.cnf,3,1,1923279479,0.9998267878950633155321613519
sleb.cnf,3,2,1923691585,1.000041023331333096978059417
sleb.cnf,3,3,1922586790,0.9994666899345524793881166530
sleb.cnf,3,4,1923388205,0.9998833096686940519385391115
sleb.cnf,3,5,1922786705,0.9995706167816303509982284001
sleb.cnf,3,6,1923614425,1.000000911306119738433496866
sleb.cnf,3,7,1923640729,1.000014585576612379480103570
sleb.cnf,3,8,1923382944,0.9998805747106244889615699101
sleb.cnf,3,9,1922628878,0.9994885695991089832038702644
sleb.cnf,3,10,1922897185,0.9996280503812359996763423276
smdk2410.cnf,3,1,2307651490,0.9989777381886583104005901044
smdk2410.cnf,3,2,2306975997,0.9986853186130740130645710395
smdk2410.cnf,3,3,2307839951,0.9990593225805531076231275533
smdk2410.cnf,3,4,2308356629,0.9992829914586521309719700409
smdk2410.cnf,3,5,2308168168,0.9992014070667573337494325919
smdk2410.cnf,3,6,2305883350,0.9982123139009549300669541534
smdk2410.cnf,3,7,2308411685,0.9993068250915000939769632320
smdk2410.cnf,3,8,2308856367,0.9994993270444588611410576487
smdk2410.cnf,3,9,2308686964,0.9994259928228418988311393554
smdk2410.cnf,3,10,2309343399,0.9997101622281483612545392646
snds.cnf,3,1,2071094455,0.9988114227989380037136536030
snds.cnf,3,2,2073069500,0.9997639131606303334386852086
snds.cnf,3,3,2071183285,0.9988542621868148012800252845
snds.cnf,3,4,2072460921,0.9994704182621199924936788875
snds.cnf,3,5,2071224864,0.9988743141839838811630847029
snds.cnf,3,6,2072143402,0.9993172907196314988938053097
snds.cnf,3,7,2071716263,0.9991112975495503614886219975
snds.cnf,3,8,2071345824,0.9989326486696033501896333755
snds.cnf,3,9,2071672793,0.9990903335937808648072060683
snds.cnf,3,10,2072181202,0.9993355202463875829646017699
sparc_erc32.cnf,3,1,1823094939,1.000367560238503476967059839
sparc_erc32.cnf,3,2,1824773090,1.001288394247566460191311853
sparc_erc32.cnf,3,3,1824281477,1.001018636657398781375863061
sparc_erc32.cnf,3,4,1823411571,1.000541302359419670148878021
sparc_erc32.cnf,3,5,1825354693,1.001607531096499040294159954
sparc_erc32.cnf,3,6,1824433127,1.001101849954339522349683544
sparc_erc32.cnf,3,7,1823148267,1.000396822346642321903768700
sparc_erc32.cnf,3,8,1822966620,1.000297149113873480653049482
sparc_erc32.cnf,3,9,1824486454,1.001131111513758967743095512
sparc_erc32.cnf,3,10,1824333138,1.001046984050298587636651323
sparc_leon.cnf,3,1,1822405014,1.000564683904301934909326425
sparc_leon.cnf,3,2,1823898185,1.001384487492501495484312032
sparc_leon.cnf,3,3,1824246481,1.001575714291411703457829591
sparc_leon.cnf,3,4,1824216484,1.001559244879512314694876223
sparc_leon.cnf,3,5,1823926515,1.001400041662555490338946459
sparc_leon.cnf,3,6,1825233040,1.002117370008118343408175014
sparc_leon.cnf,3,7,1822579995,1.000660754650162085762089810
sparc_leon.cnf,3,8,1825136384,1.002064302452144502014968336
sparc_leon.cnf,3,9,1823751534,1.001303970916695339486183074
sparc_leon.cnf,3,10,1823986509,1.001432980486354267864853195
sparclite_sim.cnf,3,1,1823606550,0.9989240264016139924971280873
sparclite_sim.cnf,3,2,1824866413,0.9996141464391157313505169443
sparclite_sim.cnf,3,3,1822501670,0.9983188020025841605040206778
sparclite_sim.cnf,3,4,1823419904,0.9988217865989373923032739805
sparclite_sim.cnf,3,5,1825632996,1.000034060579548616097070649
sparclite_sim.cnf,3,6,1823509894,0.9988710807699502575746697300
sparclite_sim.cnf,3,7,1823139934,0.9986684263471486169945433659
sparclite_sim.cnf,3,8,1824624773,0.9994817823599563940443710511
sparclite_sim.cnf,3,9,1824683100,0.9995137323667645659821941413
sparclite_sim.cnf,3,10,1823894852,0.9990819507053294173607122343
stb.cnf,3,1,2253674759,0.9998938056251896789224238195
stb.cnf,3,2,2253535164,0.9998318711445203463014654571
stb.cnf,3,3,2254411739,1.000220783479437214686555013
stb.cnf,3,4,2254709404,1.000352849292599841532914631
stb.cnf,3,5,2254682717,1.000341009001145115506513143
stb.cnf,3,6,2253703499,0.9999065567765520960543149570
stb.cnf,3,7,2254233139,1.000141543547867009406257269
stb.cnf,3,8,2255557239,1.000729010476154292786113050
stb.cnf,3,9,2254056593,1.000063214919877124403931147
stb.cnf,3,10,2255438172,1.000676183707216612875087230
stdeval1.cnf,3,1,1932584009,0.9970547653128077347342439816
stdeval1.cnf,3,2,1932337256,0.9969274610127827461455233973
stdeval1.cnf,3,3,1933257292,0.9974021240927768714498241818
stdeval1.cnf,3,4,1932971764,0.9972548150745378431836624290
stdeval1.cnf,3,5,1933056365,0.9972984622483773266330808764
stdeval1.cnf,3,6,1933504045,0.9975294283928018600385447660
stdeval1.cnf,3,7,1932980576,0.9972593613434456992155802002
stdeval1.cnf,3,8,1932964713,0.9972511773371264390891263186
stdeval1.cnf,3,9,1932740873,0.9971356942649141723863943738
stdeval1.cnf,3,10,1933595696,0.9975767127881348052474979713
stm3210e_eval.cnf,3,1,2357754703,0.9982375603272568240149833518
stm3210e_eval.cnf,3,2,2358049706,0.9983624601205366433129855716
stm3210e_eval.cnf,3,3,2359400732,0.9989344640259737444506104329
stm3210e_eval.cnf,3,4,2359494791,0.9989742871791488190205327414
stm3210e_eval.cnf,3,5,2357658507,0.9981968324007125329495005549
stm3210e_eval.cnf,3,6,2358834242,0.9986946207569389046892341842
stm3210e_eval.cnf,3,7,2358423803,0.9985208471130980767896781354
stm3210e_eval.cnf,3,8,2359830410,0.9991163831704464657325194229
stm3210e_eval.cnf,3,9,2358821415,0.9986891899997994849472807991
stm3210e_eval.cnf,3,10,2359107867,0.9988104694294479658018867925
ts1000.cnf,3,1,2552320022,0.9988026476121604271389002872
ts1000.cnf,3,2,2552128295,0.9987276188408589822912392286
ts1000.cnf,3,3,2551349974,0.9984230374918152281237176857
ts1000.cnf,3,4,2552539138,0.9988883945557442071450553960
ts1000.cnf,3,5,2551913743,0.9986436579332128625743742306
ts1000.cnf,3,6,2551224439,0.9983739117202477030544727124
ts1000.cnf,3,7,2550368515,0.9980389618902946037007591301
ts1000.cnf,3,8,2552308609,0.9987981813483224523620229791
ts1000.cnf,3,9,2551400189,0.9984426881917735128359663521
ts1000.cnf,3,10,2551502899,0.9984828818269963630360073861
ts6.cnf,3,1,2229589292,1.000142071455689050740827846
ts6.cnf,3,2,2229892434,1.000278053929642025076434619
ts6.cnf,3,3,2230385040,1.000499025561959813029162747
ts6.cnf,3,4,2230247430,1.000437296905948211870884290
ts6.cnf,3,5,2228007767,0.9994326360026060805944261524
ts6.cnf,3,6,2230044005,1.000346045166618512244238006
ts6.cnf,3,7,2229567354,1.000132230577441957461194732
ts6.cnf,3,8,2230755991,1.000665425581407232993297272
ts6.cnf,3,9,2228733713,0.9997582785497828687235418627
ts6.cnf,3,10,2230476781,1.000540178447877699097483537
tx39_sim.cnf,3,1,1864878329,0.9997113915626221389298763350
tx39_sim.cnf,3,2,1863381959,0.9989092276296031280740584598
tx39_sim.cnf,3,3,1864309263,0.9994063305010481990408937605
tx39_sim.cnf,3,4,1864922895,0.9997352822031982833579258010
tx39_sim.cnf,3,5,1864792626,0.9996654484766530749367622260
tx39_sim.cnf,3,6,1864110432,0.9992997425201570404721753794
tx39_sim.cnf,3,7,1864727492,0.9996305318814170970348510399
tx39_sim.cnf,3,8,1864581798,0.9995524292249502661256323777
tx39_sim.cnf,3,9,1865106298,0.9998335996459480615865654862
tx39_sim.cnf,3,10,1864449815,0.9994816766688500715816469927
uClinux-config.cnf,3,1,-,-
uClinux-config.cnf,3,2,-,-
uClinux-config.cnf,3,3,-,-
uClinux-config.cnf,3,4,-,-
uClinux-config.cnf,3,5,-,-
uClinux-config.cnf,3,6,-,-
uClinux-config.cnf,3,7,-,-
uClinux-config.cnf,3,8,-,-
uClinux-config.cnf,3,9,-,-
uClinux-config.cnf,3,10,-,-
uClinux.cnf,3,1,2464428612,1.002244039181707256130063966
uClinux.cnf,3,2,2459311591,1.000163027879271680103944563
uClinux.cnf,3,3,2458091990,0.9996670354912275952825159915
uClinux.cnf,3,4,2455613019,0.9986588772934382912446695096
uClinux.cnf,3,5,2461280186,1.000963624250660064632196162
uClinux.cnf,3,6,2471070133,1.004945040460842758861940299
uClinux.cnf,3,7,2465581930,1.002713075324670592350746269
uClinux.cnf,3,8,2464488266,1.002268299517601029450959488
uClinux.cnf,3,9,2468014503,1.003702364191571786713752665
uClinux.cnf,3,10,2465953112,1.002864029158407182835820896
uE250.cnf,3,1,2230996430,0.9988938945000160468016431925
uE250.cnf,3,2,2230969934,0.9988820313288012580692488263
uE250.cnf,3,3,2227664081,0.9974018871504376192048122066
uE250.cnf,3,4,2231330684,0.9990435515211221757629107981
uE250.cnf,3,5,2231198205,0.9989842361127826529489436620
uE250.cnf,3,6,2231185976,0.9989787607685501026995305164
uE250.cnf,3,7,2230546002,0.9986922223803023217429577465
uE250.cnf,3,8,2230226015,0.9985489531861784312646713615
uE250.cnf,3,9,2231132985,0.9989550348738549460827464789
uE250.cnf,3,10,2230788540,0.9988008149912659551056338028
vads.cnf,3,1,2229100674,1.002516416636482496020985617
vads.cnf,3,2,2228809498,1.002385463053481361265031832
vads.cnf,3,3,2229870496,1.002862636617432504126385286
vads.cnf,3,4,2229180449,1.002552294669300844803701957
vads.cnf,3,5,2229024889,1.002482333067480445723296392
vads.cnf,3,6,2229696987,1.002784602626880590883635935
vads.cnf,3,7,2228576159,1.002280521100491067481136524
vads.cnf,3,8,2228624023,1.002302047470441771914053289
vads.cnf,3,9,2229365924,1.002635710252340434154680500
vads.cnf,3,10,2229202387,1.002562161072108352614359821
viper.cnf,3,1,2568974125,0.9967309367472413499923718470
viper.cnf,3,2,2570089098,0.9971635328064709780563466233
viper.cnf,3,3,2570671925,0.9973896626440658134789462978
viper.cnf,3,4,2571427527,0.9976828270951745178371643613
viper.cnf,3,5,2569768889,0.9970392955814172234158868999
viper.cnf,3,6,2571409097,0.9976756764777410893638120423
viper.cnf,3,7,2569609936,0.9969776237369844639951179821
viper.cnf,3,8,2571095799,0.9975541206372278894807770545
viper.cnf,3,9,2570208889,0.9972100102678365684118185517
viper.cnf,3,10,2571153391,0.9975764656377284870194263629
vrc4373.cnf,3,1,2218476343,1.001753745205474622321851326
vrc4373.cnf,3,2,2218940836,1.001963487177184133818655303
vrc4373.cnf,3,3,2217579812,1.001348916328314578894412879
vrc4373.cnf,3,4,2217573727,1.001346168644500501228101326
vrc4373.cnf,3,5,2219577738,1.002251080491326071999289773
vrc4373.cnf,3,6,2217792789,1.001445086164907975630326705
vrc4373.cnf,3,7,2218445918,1.001740006786404233990293561
vrc4373.cnf,3,8,2219539199,1.002233678192803353974313447
vrc4373.cnf,3,9,2218731916,1.001869149280316901929450758
vrc4373.cnf,3,10,2217942887,1.001512862967722343676017992
vrc4375.cnf,3,1,2313922076,0.9985194814690637372737556561
vrc4375.cnf,3,2,2314850891,0.9989202900709609640130090498
vrc4375.cnf,3,3,2314961266,0.9989679198459262761595022624
vrc4375.cnf,3,4,2314136578,0.9986120448392980238970588235
vrc4375.cnf,3,5,2315334042,0.9991287826952351703902714932
vrc4375.cnf,3,6,2315327795,0.9991260869470656727234162896
vrc4375.cnf,3,7,2315409014,0.9991611351254838624151583710
vrc4375.cnf,3,8,2313849186,0.9984880274776959311368778281
vrc4375.cnf,3,9,2313934571,0.9985248733969295726102941176
vrc4375.cnf,3,10,2315492316,0.9991970821743097779977375566
