Benchmark, twise, seed, approx combinations, approx coverage, combinations, coverage
XSEngine.cnf,2,1,2290056,0.7682524261422191,2311450,0.7770036892926475
XSEngine.cnf,2,2,2343271,0.7861046327507729,2339618,0.7864724815745464
XSEngine.cnf,2,3,2303852,0.7728806144795602,2318875,0.7794996344322775
XSEngine.cnf,2,4,2324995,0.7799735244546547,2320448,0.7800284050322288
XSEngine.cnf,2,5,2347750,0.7876072172363449,2344735,0.7881925827569689
XSEngine.cnf,2,6,2377135,0.7974650973677431,2365321,0.7951126536855109
XSEngine.cnf,2,7,2368177,0.7944599283965991,2347374,0.7890796937634987
XSEngine.cnf,2,8,2315857,0.7769079703065956,2312624,0.7773983343558024
XSEngine.cnf,2,9,2328041,0.7809953758373411,2320921,0.7801874059818645
XSEngine.cnf,2,10,2328041,0.7809953758373411,2333527,0.7844249661744809
aaed2000.cnf,2,1,2365881,0.7691180639355859,2370538,-
aaed2000.cnf,2,2,2355647,0.7657911196529628,2356460,-
aaed2000.cnf,2,3,2364021,0.768513401402297,2364290,-
aaed2000.cnf,2,4,2365323,0.7689366651755992,2376226,-
aaed2000.cnf,2,5,2340390,0.7608312614430759,2352364,-
aaed2000.cnf,2,6,2365509,0.7689971314289281,2368176,-
aaed2000.cnf,2,7,2393606,0.7781311116428096,2394636,-
aaed2000.cnf,2,8,2346344,0.7627668317243675,2350295,-
aaed2000.cnf,2,9,2376487,0.7725659407248668,2379716,-
aaed2000.cnf,2,10,2374255,0.7718403456849201,2365533,-
adder.cnf,2,1,2422100,0.7969447544642857,2427508,0.7985097603722047
adder.cnf,2,2,2405118,0.7913571586506065,2405134,0.7911500081577659
adder.cnf,2,3,2374988,0.7814434699292453,2379147,0.7826017878665074
adder.cnf,2,4,2366770,0.7787394973466981,2372217,0.7803222185965485
adder.cnf,2,5,2387040,0.7854089454177897,2386329,0.7849642505644647
adder.cnf,2,6,2364031,0.7778382828293463,2359118,0.7760134050514992
adder.cnf,2,7,2419361,0.796043539946934,2422166,0.7967525512755061
adder.cnf,2,8,2431048,0.7998889193059299,2431297,0.7997561222717536
adder.cnf,2,9,2423013,0.797245159303403,2414591,0.794260814302932
adder.cnf,2,10,2358918,0.7761559499241913,2370428,0.779733741046194
adderII.cnf,2,1,2423582,0.7905074471860387,2437907,0.7968042290412556
adderII.cnf,2,2,2396569,0.7816965310829993,2421830,0.7915496309001878
adderII.cnf,2,3,2418988,0.7890090075985304,2418118,0.790336402791732
adderII.cnf,2,4,2426522,0.7914663963343354,2429158,0.7939447105280876
adderII.cnf,2,5,2425787,0.7912266590472612,2425504,0.7927504391088265
adderII.cnf,2,6,2425787,0.7912266590472612,2430959,0.7945333484115275
adderII.cnf,2,7,2409984,0.7860721442885772,2423345,0.7920447926955301
adderII.cnf,2,8,2415680,0.7879300267201069,2417139,0.7900164269517056
adderII.cnf,2,9,2443244,0.796920664245157,2434829,0.7957982171560652
adderII.cnf,2,10,2403184,0.7838541666666666,2419197,0.7906890625786458
aeb.cnf,2,1,2109545,0.7733117639123499,2115558,0.7770456253402122
aeb.cnf,2,2,2129139,0.7804944837415541,2136972,0.7849109994027693
aeb.cnf,2,3,2153549,0.7894426408830706,2143644,0.7873616286988084
aeb.cnf,2,4,2169989,0.7954691752299174,2151050,0.7900818566014561
aeb.cnf,2,5,2166335,0.7941297009900525,2156752,0.7921762043601515
aeb.cnf,2,6,2111704,0.7741032047672672,2118402,0.7780902281156821
aeb.cnf,2,7,2149398,0.7879209776182432,2154688,0.7914180960167724
aeb.cnf,2,8,2112036,0.7742249085022522,2127764,0.7815288959018808
aeb.cnf,2,9,2173310,0.7966865791572822,2168516,0.7964971280769686
aeb.cnf,2,10,2149896,0.7881035332207207,2131259,0.7828126113379804
aim711.cnf,2,1,2320132,0.7754120144592744,2319170,0.7763374688098571
aim711.cnf,2,2,2310214,0.7720973166923341,2312436,0.774083275924055
aim711.cnf,2,3,2375309,0.7938527362465777,2363995,0.7913425469366878
aim711.cnf,2,4,2319230,0.775110556767625,2322559,0.7774719297082805
aim711.cnf,2,5,2329328,0.7784854123887748,2328362,0.779414472226295
aim711.cnf,2,6,2326262,0.7774607236054073,2315061,0.7749619893670652
aim711.cnf,2,7,2352949,0.7863797939125599,2348065,0.7860100116425347
aim711.cnf,2,8,2315984,0.774025710130048,2313939,0.7745864021354243
aim711.cnf,2,9,2310575,0.772217966611054,2308973,0.7729240436752383
aim711.cnf,2,10,2326803,0.7776415313783368,2335848,0.7819203955917708
aki3068net.cnf,2,1,2152840,0.7885907023630908,2151495,0.7894308122735403
aki3068net.cnf,2,2,2165829,0.793348605706114,2172190,0.79702426271614
aki3068net.cnf,2,3,2165171,0.7931075786524756,2160079,0.7925804705774435
aki3068net.cnf,2,4,2106476,0.7716074526444111,2112164,0.7749994037517772
aki3068net.cnf,2,5,2147415,0.7866035112293699,2160563,0.7927580608173187
aki3068net.cnf,2,6,2157608,0.7903372327456865,2157322,0.7915688666697244
aki3068net.cnf,2,7,2170104,0.7949145489497375,2176378,0.7985609319818373
aki3068net.cnf,2,8,2146099,0.786121457122093,2144566,0.7868884098518553
aki3068net.cnf,2,9,2159252,0.7909394340772693,2150428,0.7890393065174517
aki3068net.cnf,2,10,2164185,0.7927464043745311,2159949,0.7925327707196257
am31_sim.cnf,2,1,1991471,0.7905674383892276,1986763,0.7887717434371683
am31_sim.cnf,2,2,2016743,0.8005998316819106,2004698,0.7958921806602017
am31_sim.cnf,2,3,1997444,0.7929385797764228,1989005,0.7896618477167356
am31_sim.cnf,2,4,1997751,0.7930604516006098,1998951,0.7936105440434873
am31_sim.cnf,2,5,1973704,0.7835143546747968,1977861,0.7852375292102687
am31_sim.cnf,2,6,1988101,0.7892296271595528,1983419,0.7874441302744237
am31_sim.cnf,2,7,1978145,0.785277327870935,1978110,0.7853363855731644
am31_sim.cnf,2,8,1980596,0.7862503175813008,1981829,0.786812878800511
am31_sim.cnf,2,9,1978145,0.785277327870935,1985680,0.7883417778105976
am31_sim.cnf,2,10,1983966,0.7875881288109756,1986849,0.7888058865986504
asb.cnf,2,1,2194364,0.7803836830844866,2178064,0.7744552482557491
asb.cnf,2,2,2143741,0.7623805791378369,2133525,0.758618494927076
asb.cnf,2,3,2181366,0.7757611924162418,2172234,0.7723822723940063
asb.cnf,2,4,2168710,0.7712603275218499,2163770,0.7693727239045052
asb.cnf,2,5,2157936,0.7674287600145666,2155952,0.7665928739410223
asb.cnf,2,6,2142886,0.7620765147032047,2163113,0.7691391141032762
asb.cnf,2,7,2161015,0.7685237476101602,2163043,0.7691142241701163
asb.cnf,2,8,2167171,0.770713011539512,2161536,0.7685783794662319
asb.cnf,2,9,2182734,0.7762476955116533,2188564,0.7781887382297284
asb.cnf,2,10,2167000,0.7706521986525856,2163967,0.7694427712878265
asb2305.cnf,2,1,2190771,0.7698541938422094,2185172,0.7684410455180204
asb2305.cnf,2,2,2210269,0.7767059446968334,2201433,0.7741594145256631
asb2305.cnf,2,3,2224893,0.7818449335417417,2197233,0.7726824358753894
asb2305.cnf,2,4,2223500,0.7813554223641598,2221873,0.7813473772903279
asb2305.cnf,2,5,2193034,0.7706494298758546,2218776,0.7802582813665428
asb2305.cnf,2,6,2188856,0.7691812477509896,2177637,0.7657912754871128
asb2305.cnf,2,7,2161175,0.7594539262099677,2182076,0.7673523012558187
asb2305.cnf,2,8,2205743,0.7751154726295431,2211163,0.7775810817321303
asb2305.cnf,2,9,2217233,0.7791531491768622,2214690,0.7788213921367767
asb2305.cnf,2,10,2187637,0.7687528815446204,2198687,0.7731937518176508
assabet.cnf,2,1,2325674,0.7902456560977731,2319055,0.7890413969818436
assabet.cnf,2,2,2298360,0.7809645746346555,2314803,0.7875946852738562
assabet.cnf,2,3,2322780,0.7892622977557411,2318080,0.7887096604072228
assabet.cnf,2,4,2294018,0.779489197329506,2307933,0.7852572183326818
assabet.cnf,2,5,2301797,0.7821324400878567,2290163,0.7792111066085669
assabet.cnf,2,6,2315001,0.7866190549973904,2295530,0.7810371888608643
assabet.cnf,2,7,2296370,0.7802883883524704,2312017,0.7866467692770422
assabet.cnf,2,8,2290582,0.7783216716684064,2300345,0.7826754571755301
assabet.cnf,2,9,2292933,0.7791205228992694,2320374,0.7894901770248435
assabet.cnf,2,10,2321332,0.7887702787926235,2311474,0.7864620175231765
at91sam7sek.cnf,2,1,2405020,0.782362539556962,2409351,0.7843271362394894
at91sam7sek.cnf,2,2,2432317,0.7912423618629247,2440289,0.7943985259792895
at91sam7sek.cnf,2,3,2418289,0.7866789978555963,2421555,0.7882999606103123
at91sam7sek.cnf,2,4,2410707,0.7842125432003664,2408165,0.783941052192964
at91sam7sek.cnf,2,5,2404641,0.782239249354597,2415602,0.7863620530816734
at91sam7sek.cnf,2,6,2392129,0.7781690461567289,2403524,0.7824302460716112
at91sam7sek.cnf,2,7,2427768,0.7897625541305796,2429569,0.790908794968537
at91sam7sek.cnf,2,8,2395162,0.7791556930796136,2393464,0.7791553679029386
at91sam7sek.cnf,2,9,2384736,0.7757640739506996,2394305,0.7794291425092859
at91sam7sek.cnf,2,10,2384547,0.775702591501499,2376389,0.773596864450644
at91sam7xek.cnf,2,1,2513951,0.7796221890878057,2508719,0.7796679964048586
at91sam7xek.cnf,2,2,2518860,0.7811445597808828,2526967,0.7853391702582858
at91sam7xek.cnf,2,3,2528482,0.784128517981899,2541147,0.7897460776038359
at91sam7xek.cnf,2,4,2582676,0.8009350686725945,2566624,0.7976639040102236
at91sam7xek.cnf,2,5,2538889,0.7873559190417593,2537748,0.7886897251308087
at91sam7xek.cnf,2,6,2531034,0.7849199398618609,2528598,0.7858460578380172
at91sam7xek.cnf,2,7,2567557,0.7962463902230867,2573408,0.7997722579899281
at91sam7xek.cnf,2,8,2504723,0.7767604174936488,2527179,0.7854050563201516
at91sam7xek.cnf,2,9,2509435,0.7782216948832963,2518349,0.7826608396867801
at91sam7xek.cnf,2,10,2531427,0.7850418163504287,2531217,0.786659999328708
atlas_mips32_4kc.cnf,2,1,2171395,0.7865366949879451,2171843,0.7855323560006423
atlas_mips32_4kc.cnf,2,2,2141023,0.7755351533521885,2140586,0.7742270338150552
atlas_mips32_4kc.cnf,2,3,2181241,0.790103176581046,2175410,0.7868225017035566
atlas_mips32_4kc.cnf,2,4,2119663,0.7677979964530787,2127706,0.7695684757400525
atlas_mips32_4kc.cnf,2,5,2155709,0.780854810946773,2168133,0.7841904887290383
atlas_mips32_4kc.cnf,2,6,2170227,0.7861136144983308,2175536,0.7868680745542903
atlas_mips32_4kc.cnf,2,7,2139188,0.7748704678227003,2155454,0.7796046302016345
atlas_mips32_4kc.cnf,2,8,2173397,0.7872618723340133,2179057,0.7881415825497937
atlas_mips32_4kc.cnf,2,9,2133514,0.7728151949647626,2139147,0.7737065629245328
atlas_mips32_4kc.cnf,2,10,2146697,0.7775904262101261,2143190,0.7751688727302188
atlas_mips64_5kc.cnf,2,1,2154705,0.7886821969874438,2151302,0.7874406391173118
atlas_mips64_5kc.cnf,2,2,2156849,0.7894669608555097,2158853,0.7902045301312071
atlas_mips64_5kc.cnf,2,3,2145962,0.785482014851949,2148715,0.7864937200267348
atlas_mips64_5kc.cnf,2,4,2127982,0.7789008327867316,2132080,0.7804048143167431
atlas_mips64_5kc.cnf,2,5,2153880,0.7883802239505248,2160215,0.7907030627177419
atlas_mips64_5kc.cnf,2,6,2137549,0.7824026219312219,2153034,0.7880746027295574
atlas_mips64_5kc.cnf,2,7,2123033,0.7770893605931409,2119745,0.775889836743389
atlas_mips64_5kc.cnf,2,8,2131116,0.7800479642991005,2129550,0.7794787589247216
atlas_mips64_5kc.cnf,2,9,2165592,0.7926671429910045,2145731,0.7854014871058682
atlas_mips64_5kc.cnf,2,10,2172026,0.7950221666510495,2161368,0.7911250950762403
brutus.cnf,2,1,2147569,0.7787728746982918,2148979,0.7805071784480576
brutus.cnf,2,2,2150430,0.7798103590326773,2146441,0.7795853792034391
brutus.cnf,2,3,2161703,0.7838982866459339,2159479,0.7843207687035718
brutus.cnf,2,4,2165741,0.785362586450984,2158423,0.7839372304835887
brutus.cnf,2,5,2129903,0.7723666537086892,2132636,0.7745714160151178
brutus.cnf,2,6,2158674,0.782799880477163,2152948,0.781948715564642
brutus.cnf,2,7,2177182,0.789511435898626,2170156,0.7881986451948217
brutus.cnf,2,8,2154131,0.78115245253899,2160931,0.7848481337560487
brutus.cnf,2,9,2159684,0.7831661367434088,2157442,0.783580932194002
brutus.cnf,2,10,2180210,0.7906094794374304,2172041,0.7888832754454546
buildroot.cnf,2,1,614104,0.9879916598023064,613804,0.9879826806380478
buildroot.cnf,2,2,612665,0.9856765470551895,613804,0.9879826806380478
buildroot.cnf,2,3,613420,0.9868912170510709,613804,0.9879826806380478
buildroot.cnf,2,4,614536,0.988686676276771,613804,0.9879826806380478
buildroot.cnf,2,5,613924,0.9877020696046128,613804,0.9879826806380478
buildroot.cnf,2,6,612773,0.9858503011738056,613804,0.9879826806380478
buildroot.cnf,2,7,614176,0.9881074958813838,613804,0.9879826806380478
buildroot.cnf,2,8,612485,0.9853869568574959,613804,0.9879826806380478
buildroot.cnf,2,9,613744,0.9874124794069192,613804,0.9879826806380478
buildroot.cnf,2,10,615976,0.9910033978583196,613804,0.9879826806380478
busybox_1_28_0.cnf,2,1,1936066,0.9855040151811311,1940830,0.9876881848202286
busybox_1_28_0.cnf,2,2,1942360,0.9887078120927808,1938698,0.9866032102423229
busybox_1_28_0.cnf,2,3,1938876,0.9869343725566849,1936886,0.9856810836310822
busybox_1_28_0.cnf,2,4,1940225,0.9876210459017462,1941210,0.9878815667806433
busybox_1_28_0.cnf,2,5,1940674,0.9878495976674485,1938659,0.9865833631463856
busybox_1_28_0.cnf,2,6,1939326,0.9871634333463644,1938925,0.9867187305186759
busybox_1_28_0.cnf,2,7,1941349,0.9881931888519677,1941649,0.9881049738349118
busybox_1_28_0.cnf,2,8,1939888,0.9874495048214751,1939137,0.9868266172965915
busybox_1_28_0.cnf,2,9,1936291,0.9856185455759708,1938425,0.9864642805707617
busybox_1_28_0.cnf,2,10,1947305,0.9912249356593693,1941847,0.9882057360142859
calm16_ceb.cnf,2,1,1988493,0.780187904906589,1999114,0.7831005645131911
calm16_ceb.cnf,2,2,2021257,0.7930429044043793,2008537,0.7867917780304832
calm16_ceb.cnf,2,3,2011785,0.7893265524558055,2017873,0.7904489115757913
calm16_ceb.cnf,2,4,2008834,0.7881687236339896,2000578,0.783674048179679
calm16_ceb.cnf,2,5,2035542,0.7986476433808759,2036101,0.7975892532921449
calm16_ceb.cnf,2,6,2008990,0.7882299304439534,2006406,0.7859570145787853
calm16_ceb.cnf,2,7,2016753,0.7912757539423463,2015461,0.7895040737318235
calm16_ceb.cnf,2,8,2001536,0.7853053435114504,2006723,0.7860811910284278
calm16_ceb.cnf,2,9,2017996,0.7917634466653274,2009636,0.787222282504165
calm16_ceb.cnf,2,10,1989269,0.7804923695510245,2007603,0.786425907986426
calm32_ceb.cnf,2,1,2044238,0.8007726321199358,2028150,0.7944746572318679
calm32_ceb.cnf,2,2,2004642,0.7852620148916968,2014470,0.7891158754302596
calm32_ceb.cnf,2,3,2012871,0.7884854937575211,2019794,0.7912014130261488
calm32_ceb.cnf,2,4,2033834,0.796697158293221,2022776,0.7923695334451836
calm32_ceb.cnf,2,5,2027623,0.7942641740623746,2006454,0.7859758173219488
calm32_ceb.cnf,2,6,2028244,0.7945074333132772,2031393,0.7957450175668546
calm32_ceb.cnf,2,7,2012871,0.7884854937575211,2012231,0.7882388058064438
calm32_ceb.cnf,2,8,2022499,0.792256991451063,2029476,0.7949940830117608
calm32_ceb.cnf,2,9,2007747,0.7864783111462094,2007260,0.7862915467175698
calm32_ceb.cnf,2,10,1995014,0.7814905171981549,2006852,0.7861317234006798
ceb_v850.cnf,2,1,2064831,0.7833863727418415,2062682,0.7835987963464914
ceb_v850.cnf,2,2,2053823,0.7792099935654623,2051904,0.7795043077985608
ceb_v850.cnf,2,3,2093230,0.7941608088092463,2087969,0.7932051548463541
ceb_v850.cnf,2,4,2062279,0.7824181569298757,2069026,0.7860088385944105
ceb_v850.cnf,2,5,2068341,0.7847180488782052,2083330,0.7914428304472216
ceb_v850.cnf,2,6,2098655,0.7962190261994949,2094295,0.7956083590172771
ceb_v850.cnf,2,7,2057173,0.7804809665161228,2074937,0.7882543871012594
ceb_v850.cnf,2,8,2019202,0.7660749623640248,2047861,0.7779683997266289
ceb_v850.cnf,2,9,2048717,0.7772728031517094,2045549,0.7770900867258109
ceb_v850.cnf,2,10,2085253,0.7911343756070318,2085808,0.7923842057136692
cerf.cnf,2,1,2295502,0.7583562827723275,2316117,0.7659780708513767
cerf.cnf,2,2,2362942,0.7806361795923545,2361263,0.7809085972395756
cerf.cnf,2,3,2336113,0.7717727846963802,2344329,0.7753082442989438
cerf.cnf,2,4,2379847,0.7862210202765562,2365803,0.78241005007709
cerf.cnf,2,5,2362574,0.780514604829161,2370629,0.7840060878290381
cerf.cnf,2,6,2395650,0.7914417974035859,2390148,0.7904613428808978
cerf.cnf,2,7,2359266,0.7794217534252368,2361861,0.781106365697028
cerf.cnf,2,8,2390138,0.789620818885318,2376729,0.7860234583816454
cerf.cnf,2,9,2338318,0.7725012421769283,2370157,0.783849989648574
cerf.cnf,2,10,2379112,0.7859782011163735,2375920,0.785755908746062
cerfpda.cnf,2,1,2406806,0.7775046259923917,2409069,0.7778806024607963
cerfpda.cnf,2,2,2420350,0.7818799361147867,2410306,0.7782800257671624
cerfpda.cnf,2,3,2401539,0.7758031523941449,2407533,0.7773846330197468
cerfpda.cnf,2,4,2413014,0.7795100841465432,2418935,0.7810663020085794
cerfpda.cnf,2,5,2399470,0.7751347740241482,2407380,0.7773352298137047
cerfpda.cnf,2,6,2459852,0.7946408265795567,2443234,0.7889123706596619
cerfpda.cnf,2,7,2419409,0.7815759515588819,2429900,0.7846068651082592
cerfpda.cnf,2,8,2408123,0.7779300751529937,2419619,0.7812871634002967
cerfpda.cnf,2,9,2399094,0.7750133094194509,2400419,0.7750875453871775
cerfpda.cnf,2,10,2406618,0.777443893690043,2405912,0.7768612173531183
cma230.cnf,2,1,2123805,0.780296584015237,2119603,0.7798294649735802
cma230.cnf,2,2,2129773,0.78248925707769,2126410,0.7823338486567865
cma230.cnf,2,3,2129276,0.7823066567908201,2129943,0.7836336852298389
cma230.cnf,2,4,2139720,0.7861438346501128,2132469,0.784563033427838
cma230.cnf,2,5,2162598,0.7945493263261851,2150151,0.7910684708138309
cma230.cnf,2,6,2147346,0.7889456652088036,2152052,0.7917678733967272
cma230.cnf,2,7,2137233,0.7852300984057562,2134548,0.7853279245219155
cma230.cnf,2,8,2123640,0.7802359621896162,2117147,0.7789258706844727
cma230.cnf,2,9,2112035,0.7759722271209556,2124499,0.7816307669440485
cma230.cnf,2,10,2133586,0.7838901723570354,2130742,0.7839276477041862
cma28x.cnf,2,1,2069183,0.7668639557637571,2078204,0.7712957684588069
cma28x.cnf,2,2,2132495,0.7903281398244781,2134647,0.7922437827341718
cma28x.cnf,2,3,2107956,0.7812336930740038,2097553,0.7784768737900976
cma28x.cnf,2,4,2083252,0.7720780953510437,2078905,0.7715559346088526
cma28x.cnf,2,5,2102393,0.7791719787713473,2115332,0.785075296017862
cma28x.cnf,2,6,2128405,0.78881233693074,2135934,0.7927214344247693
cma28x.cnf,2,7,2090941,0.7749277306688804,2093267,0.7768861860310448
cma28x.cnf,2,8,2117771,0.7848712494070209,2113685,0.7844640354627618
cma28x.cnf,2,9,2081453,0.7714113644449715,2082693,0.7729617967720098
cma28x.cnf,2,10,2117444,0.7847500592979127,2105188,0.781310495124761
cme555.cnf,2,1,2280814,0.7622715338381246,2293627,0.7678522885987196
cme555.cnf,2,2,2265981,0.7573141924409651,2257800,0.7558582529758278
cme555.cnf,2,3,2242104,0.7493342530800822,2251649,0.7537990430750153
cme555.cnf,2,4,2270503,0.7588254914228268,2294483,0.7681388572339163
cme555.cnf,2,5,2234325,0.7467344311473306,2235535,0.7484044554727244
cme555.cnf,2,6,2267428,0.7577977947467488,2283893,0.7645935747026851
cme555.cnf,2,7,2300349,0.7688003320713552,2304531,0.7715026909330487
cme555.cnf,2,8,2274121,0.7600346642924367,2280603,0.7634921602052581
cme555.cnf,2,9,2279366,0.7617875973220397,2279136,0.7630010431633963
cme555.cnf,2,10,2276291,0.7607599006459617,2264376,0.7580597428649096
cq7708.cnf,2,1,2213347,0.7800330854159149,2230557,-
cq7708.cnf,2,2,2238601,0.7889331609752797,2233770,-
cq7708.cnf,2,3,2246730,0.7917980027517142,2231633,-
cq7708.cnf,2,4,2232720,0.7868605647780584,2210771,-
cq7708.cnf,2,5,2227704,0.7850928139660772,2223585,-
cq7708.cnf,2,6,2191034,0.7721694841663659,2214704,-
cq7708.cnf,2,7,2256590,0.7952728877210393,2244266,-
cq7708.cnf,2,8,2191552,0.7723520389750993,2215103,-
cq7708.cnf,2,9,2223033,0.7834466488857813,2230424,-
cq7708.cnf,2,10,2227531,0.7850318448890292,2221885,-
cq7750.cnf,2,1,2286413,0.7758252937152537,2263740,0.7685880292246385
cq7750.cnf,2,2,2258149,0.7662347577527797,2270906,0.7710210391186297
cq7750.cnf,2,3,2257425,0.7659890901884989,2258682,0.7668707303069986
cq7750.cnf,2,4,2254164,0.7648825681897151,2253715,0.7651843278309374
cq7750.cnf,2,5,2265034,0.7685709748523281,2260003,0.7673192379918943
cq7750.cnf,2,6,2283876,0.7749644392807505,2270557,0.7709025461723553
cq7750.cnf,2,7,2250178,0.7635300393068103,2252147,0.7646519583760423
cq7750.cnf,2,8,2264128,0.768263551077137,2264159,0.7687302886644352
cq7750.cnf,2,9,2286775,0.7759481274973941,2272025,0.7714009634936474
cq7750.cnf,2,10,2299095,0.7801285479282488,2296928,0.7798560633248034
csb281.cnf,2,1,2214886,0.7708391337758375,2207147,0.76810779659271
csb281.cnf,2,2,2276653,0.7923356897050963,2254832,0.7847026225288726
csb281.cnf,2,3,2271678,0.7906042576176051,2259861,0.7864527615586085
csb281.cnf,2,4,2240279,0.7796765719663221,2221589,0.7731337476500668
csb281.cnf,2,5,2247657,0.7822443118540627,2246457,0.7817880442083239
csb281.cnf,2,6,2243196,0.7806917654133999,2242267,0.7803298850246704
csb281.cnf,2,7,2236161,0.7782433986323949,2246252,0.7817167022912239
csb281.cnf,2,8,2213513,0.7703612933223449,2218001,0.771885090096141
csb281.cnf,2,9,2240622,0.7797959450730577,2247143,0.7820267786235952
csb281.cnf,2,10,2244568,0.7811692578403421,2232826,0.7770443287352018
dreamcast.cnf,2,1,2292015,0.7875777264030612,2285524,0.7859327932215513
dreamcast.cnf,2,2,2282639,0.7843559635599929,2268364,0.7800319115280395
dreamcast.cnf,2,3,2326335,0.7993706979020057,2319974,0.7977792602577681
dreamcast.cnf,2,4,2299445,0.7901308085195285,2318608,0.7973095280670142
dreamcast.cnf,2,5,2321736,0.797790398486981,2304005,0.7922879327657116
dreamcast.cnf,2,6,2293077,0.7879426487728712,2295886,0.7894960179364795
dreamcast.cnf,2,7,2281401,0.7839305644132653,2299171,0.7906256447641711
dreamcast.cnf,2,8,2277332,0.782532382565095,2291809,0.7880940427229337
dreamcast.cnf,2,9,2302453,0.7911644116159395,2311726,0.7949429856535674
dreamcast.cnf,2,10,2290954,0.7872131476513019,2288169,0.786842340545522
e7t.cnf,2,1,2313735,0.771162742640785,2306841,0.7693111406065538
e7t.cnf,2,2,2346114,0.7819545915102389,2340323,0.7804770924904455
e7t.cnf,2,3,2349732,0.783160462883959,2370727,0.7906165585043587
e7t.cnf,2,4,2375961,0.7919025303967577,2364515,0.7885449112579954
e7t.cnf,2,5,2357148,0.7856321992320819,2344278,0.7817960501303951
e7t.cnf,2,6,2307947,0.769233615081058,2306126,0.7690726944086868
e7t.cnf,2,7,2352264,0.7840043728668942,2337873,0.779660039085167
e7t.cnf,2,8,2335080,0.7782769837883959,2335098,0.7787346010444944
e7t.cnf,2,9,2333814,0.7778550287969284,2320899,0.7739993596969232
e7t.cnf,2,10,2306500,0.7687513331911263,2317026,0.7727077483342115
ea2468.cnf,2,1,2678355,0.7775211220830857,2666446,0.773950501575942
ea2468.cnf,2,2,2686921,0.780007814822384,2706980,0.7857157162590367
ea2468.cnf,2,3,2666274,0.7740140318445303,2695198,0.7822959264678436
ea2468.cnf,2,4,2689117,0.7806453092486623,2681827,0.7784149207559065
ea2468.cnf,2,5,2690655,0.7810917875854637,2709462,0.7864361303026407
ea2468.cnf,2,6,2709984,0.7867029577883472,2701997,0.784269373318151
ea2468.cnf,2,7,2706250,0.7856189850252675,2707525,0.7858739054829545
ea2468.cnf,2,8,2710643,0.7868942641758323,2700382,0.7838006107555321
ea2468.cnf,2,9,2710423,0.7868303986140012,2692655,0.7815578068413792
ea2468.cnf,2,10,2698562,0.7833871739372771,2682671,0.7786598963613867
eb40.cnf,2,1,2225886,0.781350394275701,2235648,0.7857380844934987
eb40.cnf,2,2,2204021,0.7736751465896837,2215092,0.778513498125319
eb40.cnf,2,3,2233348,0.7839697721962616,2220397,0.7803779868723122
eb40.cnf,2,4,2220333,0.7794011305939971,2226518,0.7825292659713406
eb40.cnf,2,5,2232481,0.7836654301087347,2251211,0.7912078372492869
eb40.cnf,2,6,2249313,0.7895739491597772,2234439,0.7853131708469172
eb40.cnf,2,7,2263543,0.7945690909193026,2243963,0.7886604641223863
eb40.cnf,2,8,2217904,0.7785484813084113,2221476,0.7807572108794764
eb40.cnf,2,9,2261807,0.7939597046863767,2254752,0.7924523527352629
eb40.cnf,2,10,2220854,0.7795840166696621,2222885,0.7812524162790077
eb40a.cnf,2,1,2218529,0.7782084147135416,2229868,0.7824079028577825
eb40a.cnf,2,2,2230175,0.782293560861171,2230024,0.7824626395654467
eb40a.cnf,2,3,2248946,0.7888779914242098,2233738,0.7837657942594527
eb40a.cnf,2,4,2231044,0.7825983858656609,2232364,0.7832836901804101
eb40a.cnf,2,5,2232260,0.7830249304058908,2243670,0.7872506979807418
eb40a.cnf,2,6,2255899,0.7913169422368894,2243154,0.7870696457938524
eb40a.cnf,2,7,2250163,0.7893048867411997,2256519,0.7917591079600858
eb40a.cnf,2,8,2249294,0.7890000617367098,2246389,0.7882047307252228
eb40a.cnf,2,9,2261287,0.793206927420079,2263714,0.7942836631629325
eb40a.cnf,2,10,2244601,0.7873538664017601,2247357,0.7885443790138059
eb42.cnf,2,1,2220543,0.7888319474126956,2227622,0.7908744302199381
eb42.cnf,2,2,2196827,0.7804070087986541,2195057,0.7793128520796107
eb42.cnf,2,3,2212466,0.7859626511913423,2210312,0.7847288469984098
eb42.cnf,2,4,2241338,0.7962192217624591,2236437,0.7940040267593818
eb42.cnf,2,5,2205936,0.7836429156056748,2206757,0.7834667124893091
eb42.cnf,2,6,2169846,0.7708222023917788,2173140,0.7715316419429131
eb42.cnf,2,7,2234120,0.7936550791196799,2237771,0.7944776378522482
eb42.cnf,2,8,2169159,0.7705781505774827,2191007,0.7778749773224074
eb42.cnf,2,9,2222434,0.7895037115769371,2221092,0.7885560790682004
eb42.cnf,2,10,2202327,0.7823608442842852,2205290,0.7829458822994777
eb55.cnf,2,1,2345678,0.7879948991658067,2352291,0.791310587313954
eb55.cnf,2,2,2296347,0.7714228989293086,2305740,0.7756508329935694
eb55.cnf,2,3,2371709,0.7967396182705538,2366173,0.7959804914937907
eb55.cnf,2,4,2321832,0.779984197626419,2324019,0.781799887776975
eb55.cnf,2,5,2360605,0.7930093981123151,2357955,0.7932159566609209
eb55.cnf,2,6,2344222,0.7875057780787754,2332515,0.7846579417974253
eb55.cnf,2,7,2335666,0.7846315198228414,2342134,0.7878937729677069
eb55.cnf,2,8,2349683,0.7893403180899553,2353183,0.7916106560741049
eb55.cnf,2,9,2358966,0.7924588009545923,2361822,0.794516815288167
eb55.cnf,2,10,2350047,0.7894625983617131,2346126,0.7892366815893687
ebsa285.cnf,2,1,2288664,0.779296875,2276500,0.7772778782925904
ebsa285.cnf,2,2,2294262,0.7812030105910042,2290776,0.7821522112556939
ebsa285.cnf,2,3,2315079,0.7882912607871339,2312610,0.7896071136034384
ebsa285.cnf,2,4,2301084,0.7835259218096234,2306966,0.7876800517343044
ebsa285.cnf,2,5,2255951,0.7681580015472455,2262677,0.7725582156035333
ebsa285.cnf,2,6,2325925,0.791984355931834,2314848,0.7903712462156145
ebsa285.cnf,2,7,2311055,0.786921076861053,2306725,0.7875977657827699
ebsa285.cnf,2,8,2288314,0.7791776989626917,2283408,0.7796365146129265
ebsa285.cnf,2,9,2300384,0.783287569735007,2290052,0.7819050119656065
ebsa285.cnf,2,10,2319977,0.7899590443035216,2309230,0.7884530616690527
ec555.cnf,2,1,2296015,0.7678774480950342,2302489,0.7695710970108747
ec555.cnf,2,2,2307066,0.7715733358304795,2312417,0.7728893764255098
ec555.cnf,2,3,2311596,0.7730883454623287,2298914,0.768376208925931
ec555.cnf,2,4,2300363,0.7693315897902397,2302025,0.769416012235654
ec555.cnf,2,5,2298551,0.7687255859375,2295001,0.7670683496038654
ec555.cnf,2,6,2274455,0.760666938677226,2274910,0.7603532456836966
ec555.cnf,2,7,2300182,0.7692710562928082,2293597,0.7665990844650511
ec555.cnf,2,8,2281340,0.7629695526541096,2280832,0.7623325819743362
ec555.cnf,2,9,2288405,0.7653323656892124,2283377,0.7631832085970442
ec555.cnf,2,10,2327539,0.7784203098244863,2313955,0.7734034289778576
ecos-icse11.cnf,2,1,2280970,0.7846106958876365,2292682,0.7878012348856396
ecos-icse11.cnf,2,2,2314678,0.7962056126717154,2312021,0.7944464164160278
ecos-icse11.cnf,2,3,2286734,0.7865934032669955,2295037,0.7886104495556879
ecos-icse11.cnf,2,4,2285511,0.786172714314019,2284796,0.785091482491584
ecos-icse11.cnf,2,5,2319568,0.7978876805213103,2319051,0.7968620338811826
ecos-icse11.cnf,2,6,2277477,0.7834091697120465,2279413,0.7832417998721063
ecos-icse11.cnf,2,7,2297038,0.7901377850915815,2306527,0.7925585924681529
ecos-icse11.cnf,2,8,2307168,0.7936223141951392,2304989,0.7920301117197307
ecos-icse11.cnf,2,9,2311185,0.7950040864961254,2314660,0.7953532179082814
ecos-icse11.cnf,2,10,2292323,0.7885159139441705,2285311,0.7852684445107241
edb7xxx.cnf,2,1,2219629,0.7694733565184594,2219513,0.7698289182744418
edb7xxx.cnf,2,2,2200355,0.7627916860800497,2202284,0.7638531107738998
edb7xxx.cnf,2,3,2243458,0.7777340976659567,2246773,0.7792839367006287
edb7xxx.cnf,2,4,2235048,0.7748186235356762,2237086,0.7759240407543898
edb7xxx.cnf,2,5,2235048,0.7748186235356762,2230669,0.7736983308042489
edb7xxx.cnf,2,6,2185812,0.7577500998402555,2179999,0.7561236505527856
edb7xxx.cnf,2,7,2195624,0.7611516018814342,2211270,0.766969867765012
edb7xxx.cnf,2,8,2239428,0.7763370274227902,2241528,0.7774647301105572
edb7xxx.cnf,2,9,2217701,0.7688049814740859,2208454,0.7659931497940603
edb7xxx.cnf,2,10,2239603,0.7763976942447639,2230220,0.7735425970084544
edosk2674.cnf,2,1,2109593,0.7920605205930411,2109322,0.7915183499905812
edosk2674.cnf,2,2,2106536,0.7909127499038832,2102605,0.7889978108045838
edosk2674.cnf,2,3,2133726,0.801121413638985,2123742,0.7969294226513055
edosk2674.cnf,2,4,2124234,0.797557580017301,2115669,0.7939000475063661
edosk2674.cnf,2,5,2130991,0.8000945399605921,2118190,0.7948460471025995
edosk2674.cnf,2,6,2101548,0.7890399726066898,2110941,0.7921258761097014
edosk2674.cnf,2,7,2125199,0.7979198955930411,2127171,0.7982161472111962
edosk2674.cnf,2,8,2109432,0.7920000720876585,2108678,0.7912766904348596
edosk2674.cnf,2,9,2088677,0.7842074712850826,2085957,0.7827506861405242
edosk2674.cnf,2,10,2092699,0.7857175575499807,2102644,0.7890124454671197
embtoolkit.cnf,2,1,7686480,0.9306134546243491,7658216,-
embtoolkit.cnf,2,2,7634845,0.9243619291237912,7663708,-
embtoolkit.cnf,2,3,7708464,0.9332750898834614,7717468,-
embtoolkit.cnf,2,4,7639958,0.9249809675644681,7646953,-
embtoolkit.cnf,2,5,7630755,0.9238667467998388,7656005,-
embtoolkit.cnf,2,6,7717666,0.9343891895766179,7696043,-
embtoolkit.cnf,2,7,7698239,0.9320371340735805,7671783,-
embtoolkit.cnf,2,8,7649671,0.9261569347802504,7664579,-
embtoolkit.cnf,2,9,7696194,0.9317895429116043,7679852,-
embtoolkit.cnf,2,10,7713065,0.9338321397300396,7679773,-
excalibur_arm9.cnf,2,1,2177310,0.7729114128953108,2181394,-
excalibur_arm9.cnf,2,2,2185374,0.7757740083151581,2178440,-
excalibur_arm9.cnf,2,3,2195669,0.7794285742684478,2203842,-
excalibur_arm9.cnf,2,4,2199958,0.7809511030079971,2213022,-
excalibur_arm9.cnf,2,5,2199958,0.7809511030079971,2192356,-
excalibur_arm9.cnf,2,6,2129097,0.7557965427344602,2139530,-
excalibur_arm9.cnf,2,7,2172506,0.7712060671119593,2175819,-
excalibur_arm9.cnf,2,8,2153118,0.7643236266357688,2156495,-
excalibur_arm9.cnf,2,9,2212655,0.7854583418529626,2206768,-
excalibur_arm9.cnf,2,10,2209910,0.784483909260269,2199607,-
fads.cnf,2,1,2040715,0.7802998207468677,2036733,0.7783064399639571
fads.cnf,2,2,2044690,0.7818197251859828,2041695,0.7802025925549453
fads.cnf,2,3,2024655,0.774159024446946,2031085,0.7761481429397932
fads.cnf,2,4,2066315,0.7900883877006656,2071482,0.7915852401220079
fads.cnf,2,5,2093824,0.8006068911511355,2080028,0.7948509636291795
fads.cnf,2,6,2082057,0.7961075916454581,2076156,0.7933713379072315
fads.cnf,2,7,2047393,0.782853260204581,2060159,0.7872583284356397
fads.cnf,2,8,2047552,0.7829140563821456,2051695,0.7840239399773318
fads.cnf,2,9,2057729,0.786805394112177,2050247,0.7834706088705702
fads.cnf,2,10,2062658,0.7886900756166797,2057680,0.7863110164096301
financial.cnf,2,1,429955,0.4683524034439487,436775,0.47623071471405987
financial.cnf,2,2,424255,0.4621433613357501,436759,0.476213269367061
financial.cnf,2,3,433911,0.4726616965281651,435979,0.47536280870086683
financial.cnf,2,4,434448,0.4732466536530954,436796,0.4762536117319959
financial.cnf,2,5,439142,0.4783598542944785,436797,0.4762547020661833
financial.cnf,2,6,430223,0.46864433735359734,435235,0.4745516000654201
financial.cnf,2,7,445713,0.48551768160903513,436736,0.47618819168075016
financial.cnf,2,8,435320,0.47419652816508645,436742,0.4761947336858747
financial.cnf,2,9,437398,0.47646010527049637,436100,0.47549473913754564
financial.cnf,2,10,430559,0.4690103440462911,435064,0.47436515291936976
flexanet.cnf,2,1,2386294,0.7972511920543962,2387140,0.797366007277751
flexanet.cnf,2,2,2337893,0.7810806133467328,2332593,0.7791459097556201
flexanet.cnf,2,3,2336990,0.7807789246920972,2363333,0.7894138584572958
flexanet.cnf,2,4,2361913,0.7891055983792337,2361544,0.788816286556603
flexanet.cnf,2,5,2369137,0.7915191076163188,2375264,0.7933991185730959
flexanet.cnf,2,6,2358843,0.7880799237726651,2363902,0.7896039190562305
flexanet.cnf,2,7,2340782,0.7820458165839891,2345534,0.7834685357851707
flexanet.cnf,2,8,2338073,0.7811407506200821,2338425,0.7810939473882867
flexanet.cnf,2,9,2349090,0.7848214858450222,2339111,0.7813230889891114
flexanet.cnf,2,10,2333558,0.7796323073469039,2349613,0.7848310264408029
freebsd-icse11.cnf,2,1,3540243,0.9415219375510621,3545110,-
freebsd-icse11.cnf,2,2,3563525,0.9477137480426199,3562137,-
freebsd-icse11.cnf,2,3,3539145,0.9412299262152778,3561920,-
freebsd-icse11.cnf,2,4,3540243,0.9415219375510621,3547000,-
freebsd-icse11.cnf,2,5,3541561,0.9418724575333606,3549264,-
freebsd-icse11.cnf,2,6,3538706,0.9411131748706427,3542077,-
freebsd-icse11.cnf,2,7,3558254,0.9463119340618191,3558478,-
freebsd-icse11.cnf,2,8,3514984,0.9348043470860566,3519212,-
freebsd-icse11.cnf,2,9,3517180,0.9353883697576253,3522915,-
freebsd-icse11.cnf,2,10,3549907,0.9440920628233932,3555303,-
frv400.cnf,2,1,2215077,0.7700822829521182,2217146,0.7703944771530709
frv400.cnf,2,2,2230125,0.7753137932760769,2241303,0.7787883399769835
frv400.cnf,2,3,2258147,0.7850557777456391,2256618,0.7841098620678153
frv400.cnf,2,4,2261952,0.7863786044855821,2256227,0.7839740008116928
frv400.cnf,2,5,2237044,0.777719217248131,2245972,0.7804106832118574
frv400.cnf,2,6,2255206,0.7840333248042007,2245673,0.7803067893101167
frv400.cnf,2,7,2273541,0.7904075766509434,2270971,0.7890971168226117
frv400.cnf,2,8,2257974,0.7849956334549661,2248326,0.7812286305185383
frv400.cnf,2,9,2266449,0.7879420083882165,2262824,0.7862662686036104
frv400.cnf,2,10,2224590,0.7733895236294055,2238433,0.7777910975087702
gps4020.cnf,2,1,2084969,0.7668936116996233,2096561,0.771418426668629
gps4020.cnf,2,2,2088622,0.7682372587099812,2095602,0.7710655677386121
gps4020.cnf,2,3,2128143,0.7827738788841808,2127856,0.7829332548384723
gps4020.cnf,2,4,2139767,0.7870494203154426,2128284,0.783090735153433
gps4020.cnf,2,5,2187424,0.8045786252354049,2160424,0.7949164765619251
gps4020.cnf,2,6,2136280,0.7857668314500942,2133310,0.784940025020237
gps4020.cnf,2,7,2137276,0.7861331803201507,2140981,0.7877625285157113
gps4020.cnf,2,8,2090615,0.7689703242702448,2092877,0.770062918537052
gps4020.cnf,2,9,2112700,0.7770936322975518,2126343,0.7823765545661933
gps4020.cnf,2,10,2110043,0.7761163341572505,2122231,0.7808635661196556
grg.cnf,2,1,2247382,0.7821486045527442,2244995,0.781138439612471
grg.cnf,2,2,2273628,0.7912829093905915,2256381,0.7851001599162701
grg.cnf,2,3,2284404,0.7950332434960798,2289587,0.7966540756380297
grg.cnf,2,4,2262851,0.7875322272585531,2269964,0.7898263189612819
grg.cnf,2,5,2274844,0.791706109675695,2266345,0.7885671001153791
grg.cnf,2,6,2285621,0.7954567918077334,2269915,0.7898092695765211
grg.cnf,2,7,2233999,0.7774909652307556,2245299,0.7812442153873133
grg.cnf,2,8,2293616,0.7982392640769779,2268795,0.7894195693534177
grg.cnf,2,9,2266154,0.788681758954027,2272700,0.790778300934863
grg.cnf,2,10,2259549,0.7863830435896294,2257598,0.7855236109622673
h8300h_sim.cnf,2,1,2033485,0.788025871155754,2040293,0.7907156188863982
h8300h_sim.cnf,2,2,2059028,0.7979244171626985,2049537,0.7942981313887623
h8300h_sim.cnf,2,3,2036008,0.7890035962301587,2037883,0.789781623307569
h8300h_sim.cnf,2,4,2057609,0.797374519469246,2066806,0.8009907329036179
h8300h_sim.cnf,2,5,2036008,0.7890035962301587,2042446,0.7915500141068212
h8300h_sim.cnf,2,6,2046099,0.7929141090029762,2044477,0.7923371282232536
h8300h_sim.cnf,2,7,2007785,0.7780664837549603,2021984,0.7836199653375251
h8300h_sim.cnf,2,8,2032066,0.7874759734623016,2024515,0.7846008544703121
h8300h_sim.cnf,2,9,2045310,0.7926083519345238,2034954,0.7886464892617637
h8300h_sim.cnf,2,10,2059658,0.7981685577876985,2052707,0.7955266649924505
h8max.cnf,2,1,2141882,0.791404328651154,2137496,0.7910876911706306
h8max.cnf,2,2,2118565,0.7827889265276201,2132481,0.7892316386815402
h8max.cnf,2,3,2160633,0.7983326386918275,2159531,0.7992428490165142
h8max.cnf,2,4,2119054,0.7829696072171775,2128888,0.7879018686729058
h8max.cnf,2,5,2143023,0.7918259169267877,2138989,0.7916402507650896
h8max.cnf,2,6,2142860,0.7917656900302686,2147662,0.7948501297756342
h8max.cnf,2,7,2134871,0.788813833120507,2151829,0.7963923372974765
h8max.cnf,2,8,2112858,0.780680246169126,2120723,0.7848800005625522
h8max.cnf,2,9,2129164,0.7867051527620129,2142362,0.7928885987303342
h8max.cnf,2,10,2123457,0.7845964724035187,2130221,0.7883952122358086
h8s_sim.cnf,2,1,2031243,0.7865328081631642,2036361,0.7877986362976933
h8s_sim.cnf,2,2,2056671,0.7963789744002776,2068076,0.8000680883988588
h8s_sim.cnf,2,3,2063462,0.799008568348533,2059292,0.7966698583103632
h8s_sim.cnf,2,4,2053828,0.7952781150872323,2044367,0.790895884713961
h8s_sim.cnf,2,5,2007868,0.7774815994250595,2021762,0.7821507809855409
h8s_sim.cnf,2,6,2036139,0.788428624975218,2040591,0.7894350790657189
h8s_sim.cnf,2,7,2038508,0.7893459431998414,2057255,0.7958818124667537
h8s_sim.cnf,2,8,2045615,0.7920978978737113,2040794,0.7895136128439479
h8s_sim.cnf,2,9,2056039,0.7961342529490484,2044208,0.7908343730354466
h8s_sim.cnf,2,10,2066937,0.8003541491128073,2060077,0.7969735480439093
hs7729pci.cnf,2,1,2405986,0.7635995135277868,2398610,-
hs7729pci.cnf,2,2,2395338,0.7602201058254794,2391207,-
hs7729pci.cnf,2,3,2414543,0.7663152903599285,2419261,-
hs7729pci.cnf,2,4,2428804,0.7708413734969126,2411667,-
hs7729pci.cnf,2,5,2413212,0.7658928643971401,2403092,-
hs7729pci.cnf,2,6,2411310,0.7652892173789405,2405077,-
hs7729pci.cnf,2,7,2408458,0.7643840642265194,2405525,-
hs7729pci.cnf,2,8,2393436,0.7596164588072798,2391136,-
hs7729pci.cnf,2,9,2410930,0.7651686149252519,2401904,-
hs7729pci.cnf,2,10,2425952,0.7699362203444914,2413863,-
innovator.cnf,2,1,2274999,0.7714162190755208,2291387,-
innovator.cnf,2,2,2286037,0.7751590304904514,2280783,-
innovator.cnf,2,3,2288174,0.7758836534288195,2300824,-
innovator.cnf,2,4,2252566,0.7638095431857639,2253824,-
innovator.cnf,2,5,2284079,0.774495103624132,2284648,-
innovator.cnf,2,6,2277135,0.7721405029296875,2284501,-
innovator.cnf,2,7,2318619,0.7862070719401042,2305712,-
innovator.cnf,2,8,2291913,0.7771514892578125,2287276,-
innovator.cnf,2,9,2287462,0.7756422254774306,2286372,-
innovator.cnf,2,10,2296720,0.7787814670138888,2290183,-
integrator_arm7.cnf,2,1,2287852,0.7752361099063151,2285375,0.7728433262317811
integrator_arm7.cnf,2,2,2324167,0.7875414073343164,2318801,0.7841469683135505
integrator_arm7.cnf,2,3,2253326,0.7635370131419154,2272084,0.7683487200297588
integrator_arm7.cnf,2,4,2330249,0.7896022862812283,2316453,0.7833529471441615
integrator_arm7.cnf,2,5,2309855,0.7826918020255031,2302836,0.7787480977985188
integrator_arm7.cnf,2,6,2296975,0.7783274283266829,2308509,0.7806665313990058
integrator_arm7.cnf,2,7,2291430,0.7764485112335184,2303366,0.7789273274491901
integrator_arm7.cnf,2,8,2274793,0.7708110822562456,2271039,0.7679953332656995
integrator_arm7.cnf,2,9,2284453,0.7740843625303608,2297502,0.776944303540631
integrator_arm7.cnf,2,10,2281233,0.7729932691056558,2303071,0.7788275675492882
integrator_arm9.cnf,2,1,2340583,0.7801111214803754,2337666,-
integrator_arm9.cnf,2,2,2328626,0.7761258799061433,2321807,-
integrator_arm9.cnf,2,3,2340221,0.7799904676834472,2337898,-
integrator_arm9.cnf,2,4,2350005,0.7832514531783277,2352422,-
integrator_arm9.cnf,2,5,2338772,0.7795075191979522,2338621,-
integrator_arm9.cnf,2,6,2355621,0.7851232535196245,2336289,-
integrator_arm9.cnf,2,7,2346925,0.7822248960110921,2338165,-
integrator_arm9.cnf,2,8,2336960,0.7789035836177475,2335071,-
integrator_arm9.cnf,2,9,2351816,0.7838550554607508,2337886,-
integrator_arm9.cnf,2,10,2343482,0.7810773517491467,2343017,-
ipaq.cnf,2,1,2277966,0.7855141849841102,2287323,0.7894262196068957
ipaq.cnf,2,2,2306007,0.7951836020259534,2307337,0.7963336727122124
ipaq.cnf,2,3,2277787,0.7854524601650776,2286628,0.7891863535177484
ipaq.cnf,2,4,2278323,0.7856372897907838,2282159,0.7876439627948714
ipaq.cnf,2,5,2274751,0.7844055520612642,2283162,0.7879901292515833
ipaq.cnf,2,6,2285289,0.7880393852621822,2283074,0.7879597577179934
ipaq.cnf,2,7,2295112,0.7914266640183616,2275655,0.7853992303577283
ipaq.cnf,2,8,2286361,0.7884090445135946,2281001,0.7872443010233136
ipaq.cnf,2,9,2274930,0.7844672768802966,2271290,0.7838927332654576
ipaq.cnf,2,10,2286361,0.7884090445135946,2287722,0.7895639269012408
iq80310.cnf,2,1,2328869,0.7869502189662629,2333377,0.7881672414550196
iq80310.cnf,2,2,2294755,0.7754227265354672,2303607,0.7781115415924958
iq80310.cnf,2,3,2308687,0.7801305011894464,2309077,0.7799591962195703
iq80310.cnf,2,4,2323690,0.785200178416955,2311062,0.7806296888036183
iq80310.cnf,2,5,2340836,0.7909939987024222,2340257,0.7904911653735336
iq80310.cnf,2,6,2291183,0.7742157088019032,2290662,0.7737389841615128
iq80310.cnf,2,7,2326726,0.7862260759083045,2337837,0.7896737386463819
iq80310.cnf,2,8,2297970,0.7765091100778547,2311320,0.7807168359505626
iq80310.cnf,2,9,2334049,0.7887005974264706,2331709,0.7876038250166356
iq80310.cnf,2,10,2299578,0.7770524708044982,2324517,0.7851745138506541
iq80321.cnf,2,1,2283545,0.7735082948534513,2267814,0.7685540712644972
iq80321.cnf,2,2,2305444,0.7809261728234478,2318041,0.7855758223152455
iq80321.cnf,2,3,2313455,0.7836397497181755,2321198,0.7866457183485983
iq80321.cnf,2,4,2293159,0.7767648581122095,2302450,0.7802920880561375
iq80321.cnf,2,5,2286927,0.7746538843002081,2288310,0.7755000925187258
iq80321.cnf,2,6,2339093,0.7923241442291016,2341121,0.7933975519477394
iq80321.cnf,2,7,2294583,0.7772472115634755,2296507,0.7782780265654134
iq80321.cnf,2,8,2259331,0.7653062537937911,2254305,0.7639759193751834
iq80321.cnf,2,9,2290488,0.7758601066597295,2297434,0.7785921835571519
iq80321.cnf,2,10,2312387,0.783277984629726,2297316,0.7785521937782682
ixdp425.cnf,2,1,2296728,0.7897529709507042,2287389,0.7879782614237417
ixdp425.cnf,2,2,2273913,0.7819078042473592,2263610,0.7797866791968467
ixdp425.cnf,2,3,2293569,0.7886667170994718,2281007,0.7857797384508647
ixdp425.cnf,2,4,2288128,0.7867957746478873,2291565,0.7894168436761289
ixdp425.cnf,2,5,2299009,0.7905373156910211,2313655,0.797026585523646
ixdp425.cnf,2,6,2260575,0.7773213990977113,2281740,0.7860322482188243
ixdp425.cnf,2,7,2305327,0.792709823393486,2304770,0.7939658088683635
ixdp425.cnf,2,8,2268824,0.780157900528169,2282209,0.7861938131317481
ixdp425.cnf,2,9,2287075,0.7864336900308099,2285946,0.7874811651138292
ixdp425.cnf,2,10,2289181,0.7871578592649648,2287380,0.7879751610309564
jmr3904.cnf,2,1,2097129,0.7858701224338066,2090501,0.7846380663944988
jmr3904.cnf,2,2,2096642,0.7856876259113584,2097750,0.787358869371055
jmr3904.cnf,2,3,2082689,0.780458931911934,2087661,0.7835721151662715
jmr3904.cnf,2,4,2079769,0.7793647022496163,2072158,0.7777532975989448
jmr3904.cnf,2,5,2091126,0.7836205811108979,2089089,0.7841080934599013
jmr3904.cnf,2,6,2097940,0.7861740334804298,2106057,0.7904767767136198
jmr3904.cnf,2,7,2095019,0.7850794290819263,2073858,0.7783913669961232
jmr3904.cnf,2,8,2101185,0.7873900524031082,2094162,0.7860121676080692
jmr3904.cnf,2,9,2098751,0.786477944527053,2100142,0.7882566705463788
jmr3904.cnf,2,10,2099075,0.7865993590512279,2082051,0.7814664861555831
jtst.cnf,2,1,2227046,0.7806351792444365,2245490,0.7878942690655999
jtst.cnf,2,2,2195412,0.769546673097631,2215634,0.777418439158888
jtst.cnf,2,3,2244253,0.7866666619930007,2242899,0.7869851427496738
jtst.cnf,2,4,2250337,0.7887992557654343,2231136,0.7828577583983658
jtst.cnf,2,5,2259896,0.7921499237257718,2242501,0.7868454930878681
jtst.cnf,2,6,2242515,0.7860574496365758,2251642,0.7900528738882852
jtst.cnf,2,7,2243037,0.7862404236584709,2247342,0.7885440961351079
jtst.cnf,2,8,2205320,0.7730196742641781,2202421,0.7727822809140666
jtst.cnf,2,9,2226351,0.7803915644068558,2236686,0.7848051343356062
jtst.cnf,2,10,2210534,0.774847311333453,2211326,0.7759068543773326
linux.cnf,2,1,2214719,0.7919485622253754,2226729,0.7958868337791605
linux.cnf,2,2,2231677,0.7980124753982057,2229310,0.7968093456420697
linux.cnf,2,3,2232705,0.7983800719745514,2233040,0.798142537911985
linux.cnf,2,4,2237502,0.8000954034694251,2229943,0.7970355951613342
linux.cnf,2,5,2224825,0.7955623083348591,2233111,0.7981679150302595
linux.cnf,2,6,2246923,0.8034642043894178,2230327,0.7971728460545372
linux.cnf,2,7,2209409,0.7900497900265471,2213194,0.791049097217953
linux.cnf,2,8,2214376,0.7918259108385207,2216878,0.7923658479746201
linux.cnf,2,9,2241099,0.8013816339024167,2230931,0.7973887302719712
linux.cnf,2,10,2218659,0.7933574440452216,2217408,0.7925552828011764
lpcmt.cnf,2,1,2248117,0.778244153779688,2250870,0.7794084394967868
lpcmt.cnf,2,2,2200052,0.7616052042715349,2207831,0.7645053309976277
lpcmt.cnf,2,3,2263082,0.7834246776409075,2241800,0.7762677718677208
lpcmt.cnf,2,4,2267483,0.7849481982231479,2254157,0.7805466285261958
lpcmt.cnf,2,5,2277167,0.7883005666208791,2268476,0.7855048666497456
lpcmt.cnf,2,6,2255511,0.7808037791341723,2267952,0.7853234212431711
lpcmt.cnf,2,7,2229630,0.7718443980414746,2247114,0.7781078499030963
lpcmt.cnf,2,8,2232975,0.7730023567662176,2229860,0.7721333097408135
lpcmt.cnf,2,9,2268716,0.7853750332328961,2241723,0.7762411090885104
lpcmt.cnf,2,10,2244067,0.7768421409739454,2254288,0.7805919898778395
m5272c3.cnf,2,1,2543847,0.7765631715965927,2564649,0.782541475034731
m5272c3.cnf,2,2,2577232,0.7867546498905909,2590154,0.7903237174861388
m5272c3.cnf,2,3,2617138,0.7989368015395436,2596716,0.7923259552813218
m5272c3.cnf,2,4,2588888,0.7903128907471084,2578163,0.7866649498235303
m5272c3.cnf,2,5,2578418,0.7871167015082838,2592157,0.7909348851642479
m5272c3.cnf,2,6,2605087,0.7952579785675211,2596399,0.7922292302918257
m5272c3.cnf,2,7,2601334,0.7941122958346358,2599935,0.7933081563576238
m5272c3.cnf,2,8,2577035,0.7866945114684276,2567179,0.7833134441938002
m5272c3.cnf,2,9,2566960,0.7836189043451078,2563755,0.7822686922567832
m5272c3.cnf,2,10,2570713,0.7847645870779931,2575583,0.7858777243569696
mac7100evb.cnf,2,1,2241854,0.7949566255900509,2230168,0.7915313238233691
mac7100evb.cnf,2,2,2198890,0.7797216832334786,2218041,0.7872272084544794
mac7100evb.cnf,2,3,2216075,0.7858154474173928,2223837,0.7892843250272579
mac7100evb.cnf,2,4,2204561,0.7817326076842774,2205632,0.7828230056332909
mac7100evb.cnf,2,5,2218137,0.7865466281998911,2225239,0.7897819229284027
mac7100evb.cnf,2,6,2209373,0.7834389325753449,2234414,0.7930383143285481
mac7100evb.cnf,2,7,2226902,0.7896546784222949,2239135,0.7947138918544431
mac7100evb.cnf,2,8,2209717,0.7835609142383806,2217736,0.7871189578411776
mac7100evb.cnf,2,9,2204045,0.7815496351897241,2200017,0.7808301295884064
mac7100evb.cnf,2,10,2199233,0.7798433102986565,2222467,0.7887980845675087
mace1.cnf,2,1,2191672,0.776035057106599,2216309,0.7866124869389424
mace1.cnf,2,2,2219340,0.7858318414612038,2208648,0.7838934444848265
mace1.cnf,2,3,2208857,0.7821199833439086,2223217,0.7890642746002181
mace1.cnf,2,4,2212982,0.783580578091008,2218727,0.7874706836043976
mace1.cnf,2,5,2230511,0.7897873090781363,2227426,0.7905581330637834
mace1.cnf,2,6,2217966,0.7853453306290791,2223176,0.7890497228784299
mace1.cnf,2,7,2242197,0.7939251297362219,2236369,0.7937321830138107
mace1.cnf,2,8,2221746,0.7866837665427846,2218730,0.7874717483645285
mace1.cnf,2,9,2237729,0.7923430843228789,2226173,0.7901134182491368
mace1.cnf,2,10,2236354,0.7918562194071791,2218315,0.7873244565464292
malta_mips32_4kc.cnf,2,1,2192621,0.7716149352477477,2192072,0.7724669677262483
malta_mips32_4kc.cnf,2,2,2207010,0.7766786317567568,2204356,0.7767957417042698
malta_mips32_4kc.cnf,2,3,2221400,0.7817426801801802,2221932,0.7829893701182801
malta_mips32_4kc.cnf,2,4,2198788,0.7737851914414414,2211473,0.7793037101511582
malta_mips32_4kc.cnf,2,5,2226367,0.7834906390765766,2210700,0.7790313117235279
malta_mips32_4kc.cnf,2,6,2229108,0.7844552364864865,2217974,0.7815946055949157
malta_mips32_4kc.cnf,2,7,2182515,0.7680584881756757,2178349,0.7676311027555233
malta_mips32_4kc.cnf,2,8,2202728,0.7751717342342342,2193954,0.7731301680377622
malta_mips32_4kc.cnf,2,9,2220714,0.7815012668918919,2222286,0.7831141166168327
malta_mips32_4kc.cnf,2,10,2232363,0.7856007179054054,2212984,0.7798361733130591
malta_mips64_5kc.cnf,2,1,2217288,0.7805768970800289,2227638,0.784978261589649
malta_mips64_5kc.cnf,2,2,2220886,0.7818435415915646,2203158,0.7763519642093231
malta_mips64_5kc.cnf,2,3,2208895,0.7776222146494232,2204188,0.7767149170811259
malta_mips64_5kc.cnf,2,4,2205297,0.7763555701378875,2190544,0.7719070248647384
malta_mips64_5kc.cnf,2,5,2208552,0.7775014644917088,2211397,0.7792552348023175
malta_mips64_5kc.cnf,2,6,2208210,0.7773810663752704,2223013,0.7833484974808251
malta_mips64_5kc.cnf,2,7,2225168,0.7833509823359769,2221344,0.7827603728759328
malta_mips64_5kc.cnf,2,8,2185769,0.7694809080975126,2182329,0.7690122114260383
malta_mips64_5kc.cnf,2,9,2224140,0.7829890839041096,2234060,0.7872412551262689
malta_mips64_5kc.cnf,2,10,2208552,0.7775014644917088,2201827,0.7758829445274107
mb93091.cnf,2,1,2300037,0.7845371578108628,2300516,0.7856132521669525
mb93091.cnf,2,2,2302682,0.7854393610286413,2295822,0.7840102776144297
mb93091.cnf,2,3,2295981,0.7831536658443939,2304688,0.7870379666605881
mb93091.cnf,2,4,2274997,0.7759960732841426,2282225,0.779366978724218
mb93091.cnf,2,5,2258597,0.7704020722362906,2250246,0.7684463304039947
mb93091.cnf,2,6,2286106,0.7797853267988124,2276960,0.7775690108888893
mb93091.cnf,2,7,2328781,0.7943416679400978,2318205,0.7916539460015449
mb93091.cnf,2,8,2284872,0.7793644123297241,2302739,0.7863723941418691
mb93091.cnf,2,9,2324196,0.7927777353300733,2311789,0.7894629181513134
mb93091.cnf,2,10,2299155,0.7842363097057282,2288095,0.7813715506507858
mb93093.cnf,2,1,2222556,0.783561315433213,2223986,0.7831653602090333
mb93093.cnf,2,2,2218629,0.7821768530009026,2210443,0.7783962616295859
mb93093.cnf,2,3,2232972,0.7872334724729242,2222200,0.7825364293914232
mb93093.cnf,2,4,2182432,0.7694156137184116,2187568,0.7703409467063886
mb93093.cnf,2,5,2226313,0.7848858444268954,2225041,0.7835368730940157
mb93093.cnf,2,6,2188749,0.7716426697879062,2192403,0.7720435673688436
mb93093.cnf,2,7,2259778,0.7966839180956679,2239154,0.788506694274828
mb93093.cnf,2,8,2223069,0.7837421733980144,2216252,0.7804418714389345
mb93093.cnf,2,9,2203092,0.7766992892599278,2199187,0.7744325184700008
mb93093.cnf,2,10,2219142,0.782357710965704,2221103,0.7821501264200243
mbx.cnf,2,1,2455062,0.7789218597709552,2458505,0.7798726955974475
mbx.cnf,2,2,2444652,0.7756190606725146,2452548,0.7779830506108911
mbx.cnf,2,3,2520929,0.7998195992730669,2508406,0.7957020013678276
mbx.cnf,2,4,2489888,0.7899711663417803,2485330,0.7883819664996429
mbx.cnf,2,5,2447491,0.7765197952201105,2460153,0.7803954645982609
mbx.cnf,2,6,2442191,0.774838254852989,2438699,0.7735899511617018
mbx.cnf,2,7,2485345,0.7885298007025666,2483628,0.7878420679320552
mbx.cnf,2,8,2482128,0.7875091374269005,2485268,0.7883622992192724
mbx.cnf,2,9,2459226,0.7802429794103314,2465826,0.782195020752153
mbx.cnf,2,10,2497080,0.7922529848927875,2489362,0.7896609741521181
mcb2100.cnf,2,1,2255511,0.7808037791341723,2250870,0.7794084394967868
mcb2100.cnf,2,2,2206918,0.7639820486972705,2207831,0.7645053309976277
mcb2100.cnf,2,3,2236497,0.7742215886432117,2241800,0.7762677718677208
mcb2100.cnf,2,4,2263082,0.7834246776409075,2254157,0.7805466285261958
mcb2100.cnf,2,5,2258856,0.7819617378589153,2268476,0.7855048666497456
mcb2100.cnf,2,6,2249349,0.778670642613435,2267952,0.7853234212431711
mcb2100.cnf,2,7,2251110,0.779280258551932,2247114,0.7781078499030963
mcb2100.cnf,2,8,2228574,0.7714788361839773,2229860,0.7721333097408135
mcb2100.cnf,2,9,2236673,0.7742825156194612,2241723,0.7762411090885104
mcb2100.cnf,2,10,2265018,0.7840948743796526,2254288,0.7805919898778395
moab.cnf,2,1,2392599,0.7814456391095318,2400608,0.7840988445963469
moab.cnf,2,2,2416709,0.7893201949205686,2412952,0.7881307049157732
moab.cnf,2,3,2414500,0.7885987144648829,2408696,0.7867405884608576
moab.cnf,2,4,2424255,0.7917847904473244,2427990,0.7930424932731559
moab.cnf,2,5,2435297,0.7953912128971572,2437484,0.7961434720379512
moab.cnf,2,6,2427567,0.7928665212165552,2424013,0.7917435052230621
moab.cnf,2,7,2375482,0.7758550637541806,2360733,0.7710746684591853
moab.cnf,2,8,2447076,0.7992383465719064,2442403,0.7977501409387336
moab.cnf,2,9,2446340,0.7989979619565217,2434529,0.795178294847097
moab.cnf,2,10,2371249,0.7744725256061873,2376238,0.7761389907414847
mpc50.cnf,2,1,2162516,0.7939218162593985,2157995,0.7934540258876925
mpc50.cnf,2,2,2144250,0.7872158423402256,2133529,0.7844583395226322
mpc50.cnf,2,3,2114361,0.776242730850564,2117949,0.7787298676200883
mpc50.cnf,2,4,2124822,0.7800832648026316,2124706,0.78121428897089
mpc50.cnf,2,5,2138438,0.7850820899906015,2146364,0.7891775267414481
mpc50.cnf,2,6,2140763,0.785935664356203,2130842,0.7834703803440612
mpc50.cnf,2,7,2139767,0.7855700041118421,2134767,0.7849135287533993
mpc50.cnf,2,8,2143420,0.7869111254699248,2134198,0.7847043181941856
mpc50.cnf,2,9,2145745,0.7877646998355263,2135865,0.7853172426268904
mpc50.cnf,2,10,2123992,0.7797785479323308,2137478,0.7859103122789317
nano.cnf,2,1,2346923,0.7774480977569539,2349520,0.7789503836534203
nano.cnf,2,2,2350354,0.7785846601509498,2351636,0.7796519137582122
nano.cnf,2,3,2324348,0.7699698418419267,2327782,0.7717434548169524
nano.cnf,2,4,2380154,0.7884562892215061,2365182,0.7841428999583591
nano.cnf,2,5,2346742,0.7773881392045454,2355947,0.7810811653091374
nano.cnf,2,6,2346742,0.7773881392045454,2342052,0.7764744730567351
nano.cnf,2,7,2349451,0.7782855299143487,2342840,0.7767357233982172
nano.cnf,2,8,2380515,0.7885758750636025,2357036,0.7814422079764901
nano.cnf,2,9,2373110,0.7861228746183854,2364506,0.783918781645108
nano.cnf,2,10,2365344,0.7835502883310719,2361340,0.7828691387756509
npwr.cnf,2,1,2335478,0.7883651000259246,2332852,0.787895163104308
npwr.cnf,2,2,2307436,0.7788992287417905,2294903,0.7750783047932598
npwr.cnf,2,3,2337264,0.7889679830625648,2334266,0.7883727260875704
npwr.cnf,2,4,2320832,0.7834211890770826,2316884,0.7825021463315125
npwr.cnf,2,5,2342622,0.7907766321724853,2323495,0.7847349390347284
npwr.cnf,2,6,2310651,0.779984485719841,2303499,0.7779815094637853
npwr.cnf,2,7,2350838,0.7935500291652264,2353399,0.7948346868787712
npwr.cnf,2,8,2323690,0.7843859369599032,2330081,0.7869592882622855
npwr.cnf,2,9,2311544,0.780285927238161,2321786,0.784157743038692
npwr.cnf,2,10,2360840,0.7969263091946077,2349811,0.7936228792522187
ocelot.cnf,2,1,2335623,0.7816592994988005,2341648,0.7841750975929037
ocelot.cnf,2,2,2355882,0.7884393473697738,2347642,0.7861823785911459
ocelot.cnf,2,3,2343763,0.7843835005783071,2343348,0.7847443965079874
ocelot.cnf,2,4,2355882,0.7884393473697738,2357617,0.7895228236958283
ocelot.cnf,2,5,2317353,0.7755449071495888,2320990,0.7772571111294924
ocelot.cnf,2,6,2350094,0.7865022864547635,2354312,0.7884160396285625
ocelot.cnf,2,7,2346114,0.785170306074366,2331578,0.7808028387253196
ocelot.cnf,2,8,2371981,0.7938271745416381,2342969,0.7846174763380952
ocelot.cnf,2,9,2329292,0.7795405136223441,2337237,0.7826979343491188
ocelot.cnf,2,10,2314459,0.7745763766920836,2324465,0.7784208250882665
olpce2294.cnf,2,1,2390891,0.7869411837504213,2382508,0.7842937676424356
olpce2294.cnf,2,2,2359750,0.7766913917677789,2363671,0.7780928475611262
olpce2294.cnf,2,3,2400600,0.7901368174924166,2379559,0.7833229913341179
olpce2294.cnf,2,4,2352606,0.7743400056875632,2363814,0.7781399214885895
olpce2294.cnf,2,5,2388327,0.7860972652300303,2370277,0.7802674654969509
olpce2294.cnf,2,6,2352789,0.7744002385616785,2359161,0.7766082083103587
olpce2294.cnf,2,7,2421116,0.7968894822210988,2405961,0.7920142209347302
olpce2294.cnf,2,8,2375504,0.7818766852039096,2362689,0.7777695846466575
olpce2294.cnf,2,9,2351507,0.773978279301483,2352023,0.7742584621968381
olpce2294.cnf,2,10,2375138,0.7817562194556792,2387869,0.7860585461398556
olpch2294.cnf,2,1,2271440,0.7699420774036793,2259561,0.7670556213186482
olpch2294.cnf,2,2,2311101,0.7833858279460257,2304041,0.782155295120884
olpch2294.cnf,2,3,2282567,0.773713757701319,2296093,0.7794571789477687
olpch2294.cnf,2,4,2322048,0.7870964942728219,2308225,0.7835756421350151
olpch2294.cnf,2,5,2287592,0.7754170643873655,2303108,0.7818385685998074
olpch2294.cnf,2,6,2311101,0.7833858279460257,2324919,0.789242772406025
olpch2294.cnf,2,7,2305897,0.7816218462556404,2301413,0.7812631651129641
olpch2294.cnf,2,8,2305179,0.7813784683052759,2297367,0.7798896651083812
olpch2294.cnf,2,9,2305538,0.7815001572804582,2309091,0.7838696240934849
olpch2294.cnf,2,10,2314332,0.7844810287226658,2308193,0.7835647790603373
olpcl2294.cnf,2,1,2342694,0.7718579991143725,2339379,0.7713017391536574
olpcl2294.cnf,2,2,2378176,0.7835484143049932,2365915,0.7800507545762039
olpcl2294.cnf,2,3,2327331,0.7667962819458503,2327198,0.7672856192839694
olpcl2294.cnf,2,4,2370312,0.7809574266194332,2358002,0.7774418097827682
olpcl2294.cnf,2,5,2362264,0.7783058156207827,2372241,0.7821364597149976
olpcl2294.cnf,2,6,2373969,0.7821623149671053,2358170,0.7774971999919552
olpcl2294.cnf,2,7,2381102,0.784512456772942,2371257,0.7818120313469019
olpcl2294.cnf,2,8,2348913,0.7739070012019231,2358123,0.7774817039215279
olpcl2294.cnf,2,9,2334281,0.7690861299131242,2329238,0.7679582146812409
olpcl2294.cnf,2,10,2354034,0.7755942402580972,2354225,0.7761965191869377
p2106.cnf,2,1,2268187,0.7849136666149894,2250870,0.7794084394967868
p2106.cnf,2,2,2200228,0.7613962282955351,2207831,0.7645053309976277
p2106.cnf,2,3,2247236,0.7776635032778172,2241800,0.7762677718677208
p2106.cnf,2,4,2249173,0.7783338085799079,2254157,0.7805466285261958
p2106.cnf,2,5,2269948,0.7855230665308292,2268476,0.7855048666497456
p2106.cnf,2,6,2266603,0.7843655181387313,2267952,0.7853234212431711
p2106.cnf,2,7,2246180,0.7772980709603118,2247114,0.7781078499030963
p2106.cnf,2,8,2231567,0.7722411936348335,2229860,0.7721333097408135
p2106.cnf,2,9,2247060,0.7776025978915663,2241723,0.7762411090885104
p2106.cnf,2,10,2270300,0.785644877303331,2254288,0.7805919898778395
pati.cnf,2,1,2201978,0.7595793502737549,2194294,0.7563904533839456
pati.cnf,2,2,2180885,0.7523032524947015,2175883,0.7500440364328662
pati.cnf,2,3,2201099,0.7592761364138114,2217990,0.7645586515303134
pati.cnf,2,4,2242232,0.77346509625574,2243126,0.7732232290373653
pati.cnf,2,5,2207603,0.7615197120054751,2226212,0.7673928397966637
pati.cnf,2,6,2211998,0.7630357813051926,2227769,0.7679295499804033
pati.cnf,2,7,2207427,0.7614590002428471,2213395,0.7629747187786862
pati.cnf,2,8,2199869,0.7588518439818085,2184845,0.7531333085373458
pati.cnf,2,9,2208658,0.7618836376280467,2204480,0.7599016479450067
pati.cnf,2,10,2225357,0.7676440110605793,2221173,0.7656558567421589
pc_i82544.cnf,2,1,2343487,0.7878008686531842,2348051,0.7886161631902928
pc_i82544.cnf,2,2,2300016,0.7731873924268503,2314746,0.7774303493748975
pc_i82544.cnf,2,3,2340446,0.7867785875645439,2348817,0.7888734318701485
pc_i82544.cnf,2,4,2358514,0.7928524365318417,2347993,0.7885966833163612
pc_i82544.cnf,2,5,2341340,0.7870791200516352,2342131,0.7866278726096851
pc_i82544.cnf,2,6,2396976,0.805782056798623,2383115,0.800392754561649
pc_i82544.cnf,2,7,2339552,0.7864780550774527,2332809,0.7834969866650188
pc_i82544.cnf,2,8,2342235,0.7873799887048193,2332743,0.7834748199119241
pc_i82544.cnf,2,9,2345813,0.7885827909853701,2331174,0.7829478557360839
pc_i82544.cnf,2,10,2349927,0.7899657782917384,2351484,0.7897691702111082
pc_i82559.cnf,2,1,2336868,0.7834183509268795,2345495,0.7877577052977196
pc_i82559.cnf,2,2,2302521,0.771903763838826,2322828,0.7801447690493015
pc_i82559.cnf,2,3,2360482,0.7913347762186749,2362484,0.7934636290602103
pc_i82559.cnf,2,4,2364060,0.7925342752317199,2335081,0.784260060347306
pc_i82559.cnf,2,5,2354578,0.7893555022742876,2336804,0.7848387469470336
pc_i82559.cnf,2,6,2382843,0.7988311421858908,2372196,0.7967255003640721
pc_i82559.cnf,2,7,2356546,0.7900152602557501,2349190,0.7889987076111226
pc_i82559.cnf,2,8,2340267,0.7845578414649845,2337431,0.7850493311014324
pc_i82559.cnf,2,9,2319873,0.7777208982363543,2339637,0.7857902380306251
pc_i82559.cnf,2,10,2345813,0.7864170984594919,2348837,0.7888801490680559
pc_rltk8139.cnf,2,1,2345852,0.782936122265892,2360764,0.787564248281347
pc_rltk8139.cnf,2,2,2326058,0.7763298071172249,2333076,0.7783273745801156
pc_rltk8139.cnf,2,3,2362615,0.7885308308057074,2375298,0.7924128730420267
pc_rltk8139.cnf,2,4,2357622,0.786864399991456,2348667,0.7835286205305598
pc_rltk8139.cnf,2,5,2344247,0.7824004480305878,2357088,0.7863379138503398
pc_rltk8139.cnf,2,6,2345139,0.7826981560791183,2354207,0.7853767959244063
pc_rltk8139.cnf,2,7,2379734,0.794244355562201,2383360,0.7951024019274401
pc_rltk8139.cnf,2,8,2375989,0.7929944490131579,2368083,0.7900059081563583
pc_rltk8139.cnf,2,9,2352985,0.7853167853938824,2357602,0.7865093871630541
pc_rltk8139.cnf,2,10,2378486,0.7938278312969925,2367428,0.7897873964446309
pc_usb_d12.cnf,2,1,2455028,0.8026408708570472,2445134,0.8005991886396453
pc_usb_d12.cnf,2,2,2431137,0.794830005544861,2422561,0.7932082131408945
pc_usb_d12.cnf,2,3,2405580,0.7864744622530968,2404542,0.7873083333060479
pc_usb_d12.cnf,2,4,2406691,0.7868376898853364,2405127,0.7874998772154427
pc_usb_d12.cnf,2,5,2449472,0.800824405758286,2430391,0.7957719546974097
pc_usb_d12.cnf,2,6,2427619,0.7936798391990292,2421951,0.7930084835943461
pc_usb_d12.cnf,2,7,2433730,0.7956777546451289,2432104,0.7963328345551761
pc_usb_d12.cnf,2,8,2393912,0.782659754770673,2396369,0.7846322848077849
pc_usb_d12.cnf,2,9,2408358,0.7873826948024774,2402743,0.7867192948564731
pc_usb_d12.cnf,2,10,2422248,0.7919238575493807,2429888,0.7956072596778788
pc_vmWare.cnf,2,1,2333413,0.7879403986211964,2352894,0.7950790062990801
pc_vmWare.cnf,2,2,2319904,0.7833787171507607,2325246,0.7857363226226557
pc_vmWare.cnf,2,3,2360255,0.7970043303725796,2357556,0.7966543676742064
pc_vmWare.cnf,2,4,2349411,0.7933425586747925,2334761,0.7889515872053082
pc_vmWare.cnf,2,5,2358477,0.7964039402878631,2347890,0.7933880778732689
pc_vmWare.cnf,2,6,2341946,0.7908217982797372,2351053,0.7944569041344282
pc_vmWare.cnf,2,7,2373231,0.8013860298884855,2365238,0.79925023341503
pc_vmWare.cnf,2,8,2383007,0.804687162322787,2361747,0.7980705709181262
pc_vmWare.cnf,2,9,2309238,0.779777051996888,2316831,0.7828927649281711
pc_vmWare.cnf,2,10,2323281,0.7845190530990664,2330246,0.7874258993870553
phycore.cnf,2,1,2353339,0.7824932302306775,2356750,0.7834575518426669
phycore.cnf,2,2,2351690,0.7819449321161048,2356854,0.7834921247016429
phycore.cnf,2,3,2390708,0.7949185499659517,2400260,0.7979216392854056
phycore.cnf,2,4,2357735,0.7839549151983316,2356105,0.7832431336307486
phycore.cnf,2,5,2348210,0.7807878202672796,2350983,0.7815404203261817
phycore.cnf,2,6,2360300,0.7848077864317331,2371041,0.7882083280698372
phycore.cnf,2,7,2365795,0.7866348926413006,2365118,0.7862393372648879
phycore.cnf,2,8,2394188,0.796075661814777,2386469,0.793337078726389
phycore.cnf,2,9,2370008,0.78803572948587,2375234,0.7896022126629745
phycore.cnf,2,10,2357735,0.7839549151983316,2353155,0.7822624611886415
phycore229x.cnf,2,1,2636823,0.7869873046875,2637509,0.7866095796342927
phycore229x.cnf,2,2,2614904,0.780445350702934,2613995,0.7795967741213936
phycore229x.cnf,2,3,2632231,0.7856167744307763,2632072,0.7849880510311783
phycore229x.cnf,2,4,2631604,0.7854296397463325,2629692,0.7842782408278653
phycore229x.cnf,2,5,2640372,0.7880465407243277,2638172,0.7868073124766441
phycore229x.cnf,2,6,2625133,0.783498302357121,2642448,0.7880825849259575
phycore229x.cnf,2,7,2605718,0.7777036932686431,2613793,0.7795365297259864
phycore229x.cnf,2,8,2634944,0.7864264975550123,2633489,0.7854106565177725
phycore229x.cnf,2,9,2624715,0.7833735459008252,2629601,0.784251101025974
phycore229x.cnf,2,10,2646635,0.7899157983458129,2631702,0.7848777023861254
picasso.cnf,2,1,2296899,0.7945679878453773,2295017,0.7944226061576123
picasso.cnf,2,2,2262622,0.7827105196156571,2267464,0.7848851055345404
picasso.cnf,2,3,2303051,0.7966961538035777,2300716,0.7963953211451231
picasso.cnf,2,4,2311488,0.79961477151966,2306967,0.7985591115271078
picasso.cnf,2,5,2281606,0.7892776689249026,2280916,0.7895415298216076
picasso.cnf,2,6,2298129,0.7949934826647184,2303013,0.7971904301688664
picasso.cnf,2,7,2318871,0.802168778227949,2309870,0.7995639881034798
picasso.cnf,2,8,2271587,0.7858117887663832,2263917,0.7836573076646156
picasso.cnf,2,9,2293735,0.793473462960503,2283762,0.7905266757865937
picasso.cnf,2,10,2295844,0.7942030309068367,2308904,0.7992296061631506
pid.cnf,2,1,2168314,0.7773473350312041,2156285,0.7734447243048347
pid.cnf,2,2,2129448,0.7634137527533039,2155512,0.7731674544764551
pid.cnf,2,3,2158939,0.7739863682773495,2168828,0.7779438128654635
pid.cnf,2,4,2160473,0.7745363120640602,2160645,0.7750086265709865
pid.cnf,2,5,2226614,0.7982480669511748,2215633,0.7947324471698749
pid.cnf,2,6,2207692,0.7914644709067548,2187775,0.7847399725527978
pid.cnf,2,7,2143256,0.7683639638399412,2170780,0.7786439819534288
pid.cnf,2,8,2195759,0.7871864531708884,2193032,0.7866256226016877
pid.cnf,2,9,2168144,0.7772863895007343,2168991,0.7780022798538541
pid.cnf,2,10,2178031,0.7808309098522394,2169523,0.778193104625779
prpmc1100.cnf,2,1,2179428,0.787402018590455,2176765,0.787674405308565
prpmc1100.cnf,2,2,2179934,0.7875848305123936,2178854,0.7884303214651964
prpmc1100.cnf,2,3,2206267,0.797098637509249,2200369,0.7962156427241351
prpmc1100.cnf,2,4,2201541,0.7953911886098779,2195634,0.7945022568928046
prpmc1100.cnf,2,5,2167611,0.7831326737652609,2155006,0.7798007913056253
prpmc1100.cnf,2,6,2183817,0.7889877133046614,2164297,0.7831627908323183
prpmc1100.cnf,2,7,2198502,0.7942932332130965,2191639,0.7930566441375427
prpmc1100.cnf,2,8,2163222,0.7815469790510544,2159450,0.7814088771840694
prpmc1100.cnf,2,9,2162885,0.7814252248658897,2167315,0.7842548707560681
prpmc1100.cnf,2,10,2158496,0.7798395301516833,2167359,0.784270792398429
psim.cnf,2,1,2018082,0.7786579230047412,2032175,0.7841276443700856
psim.cnf,2,2,2017767,0.7785363832230344,2028402,0.7826718083312562
psim.cnf,2,3,2049405,0.7907436073933228,2038110,0.7864177018549658
psim.cnf,2,4,2027054,0.7821196846602133,2013230,0.7768175956672961
psim.cnf,2,5,2046257,0.7895289812574081,2047843,0.7901732417876262
psim.cnf,2,6,2036183,0.7856420232862505,2033780,0.7847469438247162
psim.cnf,2,7,2036498,0.7857635630679574,2036970,0.785977825606817
psim.cnf,2,8,2007850,0.7747100022224417,2012909,0.77669373577637
psim.cnf,2,9,2026267,0.7818160281262347,2028890,0.7828601062339725
psim.cnf,2,10,2030831,0.7835770045189648,2038571,0.7865955816360155
rattler.cnf,2,1,2475584,0.7571445349201378,2485238,0.7601271508238409
rattler.cnf,2,2,2524273,0.7720358132046664,2540706,0.7770924204687991
rattler.cnf,2,3,2525631,0.7724511504658629,2521347,0.77117133705031
rattler.cnf,2,4,2535718,0.7755362071327905,2538140,0.7763075917043049
rattler.cnf,2,5,2570829,0.786274724494989,2564864,0.784481311073885
rattler.cnf,2,6,2551430,0.7803416408941435,2550252,0.7800121302840217
rattler.cnf,2,7,2550655,0.7801046111611337,2556820,0.7820209982985181
rattler.cnf,2,8,2515932,0.7694847615878484,2527356,0.7730092310666178
rattler.cnf,2,9,2522333,0.7714424742601003,2525700,0.7725027320666169
rattler.cnf,2,10,2513798,0.7688320887488256,2525385,0.7724063871481384
ref4955.cnf,2,1,2145731,0.7789741374302974,2155255,0.7829364744927317
ref4955.cnf,2,2,2142717,0.7778799517890335,2150280,0.7811292131892659
ref4955.cnf,2,3,2194787,0.7967831523001859,2188007,0.7948342478014984
ref4955.cnf,2,4,2145396,0.7788525209107807,2150812,0.7813224720864405
ref4955.cnf,2,5,2138532,0.776360652881041,2162992,0.7857470836796494
ref4955.cnf,2,6,2161971,0.7848698158689591,2150555,0.7812291120552866
ref4955.cnf,2,7,2148242,0.7798857167750929,2149389,0.7808055408633587
ref4955.cnf,2,8,2173691,0.7891245788801116,2170272,0.7883916791146708
ref4955.cnf,2,9,2137695,0.7760567930994424,2149192,0.7807339769484275
ref4955.cnf,2,10,2201651,0.7992750203299257,2185806,0.7940346936047289
refidt334.cnf,2,1,2345986,0.7763476628685192,2372179,0.7849013190111783
refidt334.cnf,2,2,2392794,0.7918376450779396,2375819,0.786105714126893
refidt334.cnf,2,3,2329603,0.7709261029100305,2344690,0.77580581974308
refidt334.cnf,2,4,2384152,0.7889777829549305,2399241,0.7938555334676256
refidt334.cnf,2,5,2372450,0.7851052874025753,2379644,0.7873713216317304
refidt334.cnf,2,6,2370110,0.7843309206624873,2353584,0.7787486467098838
refidt334.cnf,2,7,2366149,0.7830201229456116,2379766,0.7874116887207736
refidt334.cnf,2,8,2374251,0.7857012850516774,2355091,0.7792472795229007
refidt334.cnf,2,9,2369750,0.7842117873178583,2362191,0.7815965117541023
refidt334.cnf,2,10,2358408,0.7804584251101322,2368740,0.7837634303290514
sa1100mm.cnf,2,1,2190525,0.7931718836902113,2193109,0.7945278482117853
sa1100mm.cnf,2,2,2150416,0.7786487300704487,2153416,0.7801477175939864
sa1100mm.cnf,2,3,2172662,0.7867038318038562,2172050,0.7868985138031936
sa1100mm.cnf,2,4,2163055,0.7832252126205043,2178927,0.7893899394515096
sa1100mm.cnf,2,5,2185638,0.7914023394048944,2197607,0.7961574007152207
sa1100mm.cnf,2,6,2126990,0.7701663596125324,2139151,0.7749797392788451
sa1100mm.cnf,2,7,2200300,0.7967113343529848,2200765,0.7973014929352849
sa1100mm.cnf,2,8,2134911,0.7730344914488321,2147888,0.7781450127831837
sa1100mm.cnf,2,9,2145866,0.7770012108361142,2162859,0.7835687634565787
sa1100mm.cnf,2,10,2209401,0.8000067349137931,2192713,0.7943843838295354
sam7ex256.cnf,2,1,2539139,0.7804935252400063,2543334,0.7822622341219007
sam7ex256.cnf,2,2,2531930,0.778277585969468,2538833,0.7808778456319175
sam7ex256.cnf,2,3,2577787,0.7923733450385584,2568241,0.7899229682076614
sam7ex256.cnf,2,4,2578387,0.7925577761056027,2591411,0.7970494470596738
sam7ex256.cnf,2,5,2490078,0.765412904272899,2524876,0.7765850417761757
sam7ex256.cnf,2,6,2588200,0.7955741462071136,2592568,0.797405309641969
sam7ex256.cnf,2,7,2584996,0.7945892843090966,2608817,0.8024030720444875
sam7ex256.cnf,2,8,2554958,0.7853560503226314,2565335,0.7890291595091742
sam7ex256.cnf,2,9,2594007,0.7973591315509915,2586291,0.7954746705502952
sam7ex256.cnf,2,10,2518914,0.7742766613550519,2519319,0.7748758556311333
se7751.cnf,2,1,2355126,0.7575519546689723,2372705,0.7621916843639406
se7751.cnf,2,2,2406419,0.7740509073410737,2393056,0.7687291017708624
se7751.cnf,2,3,2426482,0.7805043900279973,2416140,0.7761444495877453
se7751.cnf,2,4,2400551,0.7721634011651844,2402111,0.7716378686432361
se7751.cnf,2,5,2370835,0.7626049257863966,2373321,0.7623895640319011
se7751.cnf,2,6,2372349,0.7630919203927866,2359587,0.7579777468894183
se7751.cnf,2,7,2372160,0.7630311264822134,2382943,0.765480470144102
se7751.cnf,2,8,2367239,0.7614482331809947,2376974,0.763563029010894
se7751.cnf,2,9,2399226,0.7717372004693676,2384902,0.7661097660362036
se7751.cnf,2,10,2379731,0.7654664211750659,2373859,0.7625623875081392
sh4_202_md.cnf,2,1,2238136,0.7578639693134536,2239141,0.7581064715328463
sh4_202_md.cnf,2,2,2235815,0.7570780464415742,2227822,0.754274195159326
sh4_202_md.cnf,2,3,2259927,0.7652427049020458,2268357,0.7679981392180449
sh4_202_md.cnf,2,4,2268500,0.7681456419036061,2273708,0.7698098284904813
sh4_202_md.cnf,2,5,2260105,0.7653029781770111,2263154,0.7662365583388662
sh4_202_md.cnf,2,6,2272072,0.7693551707697642,2274286,0.7700055220803651
sh4_202_md.cnf,2,7,2244388,0.7599809834431346,2240671,0.7586244839766563
sh4_202_md.cnf,2,8,2237422,0.7576221989857836,2248074,0.7611309193502025
sh4_202_md.cnf,2,9,2281181,0.7724396048240292,2292338,0.7761173917768741
sh4_202_md.cnf,2,10,2220990,0.7520580953103329,2237499,0.7575505392238684
sh7708.cnf,2,1,2273708,0.7845999889575972,2266940,-
sh7708.cnf,2,2,2274948,0.7850278820671378,2280033,-
sh7708.cnf,2,3,2297806,0.7929156084363957,2285865,-
sh7708.cnf,2,4,2274417,0.7848446471952297,2279335,-
sh7708.cnf,2,5,2267861,0.7825823349160778,2266728,-
sh7708.cnf,2,6,2296920,0.7926098719081273,2284908,-
sh7708.cnf,2,7,2290718,0.7904697162102473,2297636,-
sh7708.cnf,2,8,2276897,0.785700433414311,2281810,-
sh7708.cnf,2,9,2281150,0.7871680377650176,2284575,-
sh7708.cnf,2,10,2275480,0.7852114620141343,2284930,-
skmb91302.cnf,2,1,2120478,0.7706659087737253,2124831,0.7710463404863095
skmb91302.cnf,2,2,2126997,0.7730351722413472,2129424,0.772713021667944
skmb91302.cnf,2,3,2134017,0.7755865190035356,2135940,0.775077509928238
skmb91302.cnf,2,4,2145049,0.7795959858810941,2152777,0.7811872227641143
skmb91302.cnf,2,5,2128334,0.7735210911332341,2115784,0.7677634176362665
skmb91302.cnf,2,6,2127833,0.7733390078386677,2120070,0.7693186964397687
skmb91302.cnf,2,7,2116968,0.7693902353926312,2126875,0.7717880553426694
skmb91302.cnf,2,8,2105769,0.7653200740835504,2112727,0.7666541112194896
skmb91302.cnf,2,9,2133181,0.7752826834062151,2118799,0.7688574833368169
skmb91302.cnf,2,10,2148894,0.7809934115649423,2146788,0.7790139692050443
sleb.cnf,2,1,2044475,0.779296493828064,2046260,0.7795775120083875
sleb.cnf,2,2,2090028,0.796660019028103,2093114,0.7974277972837881
sleb.cnf,2,3,2075056,0.790953112802498,2088591,0.7957046393826348
sleb.cnf,2,4,2077286,0.7918031262197502,2067434,0.7876443139980006
sleb.cnf,2,5,2091143,0.7970850257367291,2077713,0.7915603741496599
sleb.cnf,2,6,2092258,0.7975100324453552,2086148,0.7947739131494892
sleb.cnf,2,7,2066455,0.7876746529810694,2060962,0.7851786323848536
sleb.cnf,2,8,2073782,0.7904674997560499,2069782,0.788538847438617
sleb.cnf,2,9,2048775,0.7809355331528103,2058102,0.784089038841343
sleb.cnf,2,10,2047342,0.7803893137685401,2060426,0.7849744288396362
smdk2410.cnf,2,1,2292562,0.7736109461385625,2299356,-
smdk2410.cnf,2,2,2274682,0.7675774501123013,2281940,-
smdk2410.cnf,2,3,2234408,0.7539872365238425,2237413,-
smdk2410.cnf,2,4,2268722,0.7655662847702143,2264084,-
smdk2410.cnf,2,5,2297257,0.7751952450112302,2296563,-
smdk2410.cnf,2,6,2261859,0.76325040763217,2276654,-
smdk2410.cnf,2,7,2295090,0.7744640041897028,2289546,-
smdk2410.cnf,2,8,2228809,0.7520978884113684,2250267,-
smdk2410.cnf,2,9,2244883,0.7575219608457153,2267240,-
smdk2410.cnf,2,10,2285518,0.7712339916637871,2264654,-
snds.cnf,2,1,2192275,0.7935113249397702,2185560,0.7926794768567884
snds.cnf,2,2,2193615,0.793996348568384,2197993,0.7971887943478482
snds.cnf,2,3,2182565,0.7899967134219792,2185342,0.7926004105644172
snds.cnf,2,4,2177374,0.7881177897979985,2173989,0.7884827976410681
snds.cnf,2,5,2175031,0.787269722363788,2174260,0.7885810864724102
snds.cnf,2,6,2200982,0.7966628926519644,2207850,0.8007638239070355
snds.cnf,2,7,2208348,0.7993290747776131,2214947,0.8033378306820738
snds.cnf,2,8,2197968,0.7955719514455152,2190960,0.7946379996953409
snds.cnf,2,9,2152763,0.7792096431384359,2162275,0.7842342538390674
snds.cnf,2,10,2171682,0.7860575252501854,2185815,0.7927719626574978
sparc_erc32.cnf,2,1,1950939,0.7697833806818182,1975903,0.7795725397084666
sparc_erc32.cnf,2,2,1968490,0.7767084911616161,1982541,0.7821914954560841
sparc_erc32.cnf,2,3,2002669,0.7901945233585859,1996350,0.7876396967093007
sparc_erc32.cnf,2,4,2018680,0.796511994949495,2013198,0.7942869046689061
sparc_erc32.cnf,2,5,1998358,0.788493529040404,2004071,0.7906859391509028
sparc_erc32.cnf,2,6,1998050,0.7883720012626263,1993954,0.7866943791480937
sparc_erc32.cnf,2,7,2025608,0.7992455808080808,2028694,0.8004006947058271
sparc_erc32.cnf,2,8,1998820,0.7886758207070707,1996808,0.7878203959760088
sparc_erc32.cnf,2,9,1989428,0.7849700126262626,1985060,0.7831853414229791
sparc_erc32.cnf,2,10,2000052,0.7891619318181818,1985365,0.78330567608749
sparc_leon.cnf,2,1,1966643,0.7744152438256049,1975903,0.7795725397084666
sparc_leon.cnf,2,2,1991276,0.7841151083669354,1982541,0.7821914954560841
sparc_leon.cnf,2,3,2005286,0.7896318989415323,1996350,0.7876396967093007
sparc_leon.cnf,2,4,2004670,0.7893893334173387,2013198,0.7942869046689061
sparc_leon.cnf,2,5,2004824,0.7894499747983871,2004071,0.7906859391509028
sparc_leon.cnf,2,6,2004054,0.7891467678931452,1993954,0.7866943791480937
sparc_leon.cnf,2,7,2039310,0.8030297064012096,2028694,0.8004006947058271
sparc_leon.cnf,2,8,2003900,0.7890861265120968,1996808,0.7878203959760088
sparc_leon.cnf,2,9,1984656,0.781508316532258,1985060,0.7831853414229791
sparc_leon.cnf,2,10,1982193,0.7805384482106855,1985365,0.78330567608749
sparclite_sim.cnf,2,1,1968029,0.7768404690026274,1975903,0.7795725397084666
sparclite_sim.cnf,2,2,1996664,0.7881435681083266,1982541,0.7821914954560841
sparclite_sim.cnf,2,3,2003900,0.7909998357922393,1996350,0.7876396967093007
sparclite_sim.cnf,2,4,2027456,0.8002981002425222,2013198,0.7942869046689061
sparclite_sim.cnf,2,5,1994971,0.7874752898898545,2004071,0.7906859391509028
sparclite_sim.cnf,2,6,2000359,0.7896020961752223,1993954,0.7866943791480937
sparclite_sim.cnf,2,7,2017757,0.7964696120907437,2028694,0.8004006947058271
sparclite_sim.cnf,2,8,2001283,0.7899668268744947,1996808,0.7878203959760088
sparclite_sim.cnf,2,9,1987273,0.7844366568563056,1985060,0.7831853414229791
sparclite_sim.cnf,2,10,1982346,0.78249182119038,1985365,0.78330567608749
stb.cnf,2,1,2227975,0.7631556772842862,2239360,0.767758109019896
stb.cnf,2,2,2245842,0.7692757201420554,2230558,0.764740368738926
stb.cnf,2,3,2231159,0.7642463033803929,2225217,0.7629092223130386
stb.cnf,2,4,2245842,0.7692757201420554,2244924,0.7696657103517885
stb.cnf,2,5,2232928,0.7648522448263767,2238399,0.767428632945139
stb.cnf,2,6,2252388,0.7715179432655209,2257284,0.773903300657718
stb.cnf,2,7,2270256,0.7776383286566118,2260711,0.7750782377109882
stb.cnf,2,8,2251503,0.7712148012758682,2228670,0.7640930733912242
stb.cnf,2,9,2255395,0.7725479409636969,2258143,0.7741978063270377
stb.cnf,2,10,2274501,0.77909238260698,2263030,0.775873300164018
stdeval1.cnf,2,1,2025158,0.7695304900291828,2024541,0.7686056117513602
stdeval1.cnf,2,2,2094837,0.7960074933122568,2082445,0.7905885399029021
stdeval1.cnf,2,3,2096754,0.7967359253404669,2090391,0.7936051941425428
stdeval1.cnf,2,4,2064472,0.7844692363813229,2076084,0.7881736220047957
stdeval1.cnf,2,5,2087166,0.7930926252431907,2075163,0.7878239695312607
stdeval1.cnf,2,6,2056002,0.7812507599708172,2066282,0.7844523477967718
stdeval1.cnf,2,7,2085248,0.792363813229572,2085993,0.7919355181614278
stdeval1.cnf,2,8,2086366,0.7927886369163424,2080873,0.7899917389383018
stdeval1.cnf,2,9,2074700,0.7883557271400778,2082367,0.7905589276412999
stdeval1.cnf,2,10,2052806,0.7800363266050584,2058247,0.7814019052073542
stm3210e_eval.cnf,2,1,2294912,0.7635860306643952,2292279,0.7630405127860305
stm3210e_eval.cnf,2,2,2359977,0.7852351070059626,2350193,0.7823185885601793
stm3210e_eval.cnf,2,3,2372154,0.7892867600085179,2376759,0.7911617242616684
stm3210e_eval.cnf,2,4,2403960,0.799869569846678,2394509,0.79707024111409
stm3210e_eval.cnf,2,5,2362521,0.7860815720826235,2360436,0.7857282188767627
stm3210e_eval.cnf,2,6,2367974,0.7878959486797275,2366535,0.7877584185546735
stm3210e_eval.cnf,2,7,2409412,0.8016836137137989,2393489,0.7967307094414438
stm3210e_eval.cnf,2,8,2381059,0.7922497205068143,2396094,0.797597846703447
stm3210e_eval.cnf,2,9,2381786,0.7924916152044293,2382747,0.793154974904615
stm3210e_eval.cnf,2,10,2396690,0.7974506228705281,2389271,0.7953266461127951
ts1000.cnf,2,1,2498727,0.7902082532181023,2477110,0.7820923023686526
ts1000.cnf,2,2,2432276,0.7691935010524611,2426466,0.7661025875149892
ts1000.cnf,2,3,2531952,0.8007154711787565,2517780,0.7949329489032566
ts1000.cnf,2,4,2485627,0.7860654524570919,2476185,0.7818002542239634
ts1000.cnf,2,5,2522269,0.7976532773032707,2526238,0.7976033739927496
ts1000.cnf,2,6,2459426,0.7777795346907384,2466846,0.7788516730096366
ts1000.cnf,2,7,2461515,0.7784401691021697,2470994,0.7801613116087401
ts1000.cnf,2,8,2459046,0.7776593618442358,2460266,0.7767741845857936
ts1000.cnf,2,9,2479551,0.7841439518903821,2484973,0.7845748694623725
ts1000.cnf,2,10,2503094,0.7915892922198834,2490391,0.7862854822709411
ts6.cnf,2,1,2217557,0.7644133455038828,2223663,0.7677535386234413
ts6.cnf,2,2,2247404,0.7747018950758913,2255219,0.7786487285262285
ts6.cnf,2,3,2209574,0.7616615281944935,2205805,0.7615877919735499
ts6.cnf,2,4,2251396,0.7760779760854218,2264598,0.7818869712090222
ts6.cnf,2,5,2246016,0.7742234380515355,2241783,0.7740097447661243
ts6.cnf,2,6,2255734,0.7775733266413696,2253074,0.7779081345871526
ts6.cnf,2,7,2225539,0.7671648181036004,2226177,0.7686215354359526
ts6.cnf,2,8,2253304,0.7767356821390752,2269345,0.7835259453016997
ts6.cnf,2,9,2222936,0.7662675388280974,2234760,0.7715849469879751
ts6.cnf,2,10,2245669,0.7741038237954465,2245285,0.775218863635422
tx39_sim.cnf,2,1,2020818,0.7852984791583765,2033476,0.7908689821685817
tx39_sim.cnf,2,2,2027250,0.7877979817449264,2023258,0.7868949498909455
tx39_sim.cnf,2,3,2025525,0.7871276394001194,2027833,0.7886742802560057
tx39_sim.cnf,2,4,2035094,0.7908461935435734,2036326,0.7919774174779636
tx39_sim.cnf,2,5,2039172,0.7924309217071229,2030321,0.7896419248348626
tx39_sim.cnf,2,6,2000268,0.7773126616593713,1994523,0.7757191994996873
tx39_sim.cnf,2,7,2027093,0.7877369708764425,2029968,0.7895046344263672
tx39_sim.cnf,2,8,2037290,0.791699568493832,2035239,0.7915546563617186
tx39_sim.cnf,2,9,2014857,0.7829820091772781,2031710,0.7901821412014349
tx39_sim.cnf,2,10,2034780,0.7907241718066057,2028047,0.7887575101353769
uClinux-config.cnf,2,1,118437866,0.8845905111633091,118248742,-
uClinux-config.cnf,2,2,117279235,0.8759369105611196,117749460,-
uClinux-config.cnf,2,3,117050369,0.8742275527453691,118019133,-
uClinux-config.cnf,2,4,119052942,0.8891844000235178,118019133,-
uClinux-config.cnf,2,5,119668018,0.8937782888837265,118625925,-
uClinux-config.cnf,2,6,120769433,0.902004553766386,118943145,-
uClinux-config.cnf,2,7,119524977,0.8927099421160862,118057273,-
uClinux-config.cnf,2,8,117622533,0.8785009398159301,118049875,-
uClinux-config.cnf,2,9,119453456,0.8921757649978586,118049875,-
uClinux-config.cnf,2,10,117279235,0.8759369105611196,118218820,-
uClinux.cnf,2,1,2980777,0.9877553576730573,3013528,1.0
uClinux.cnf,2,2,3015163,0.9991500227986088,3013528,1.0
uClinux.cnf,2,3,3000482,0.9942851045554801,3013528,1.0
uClinux.cnf,2,4,3025595,1.0026069281260603,3013528,1.0
uClinux.cnf,2,5,3024050,1.002094953554462,3013528,1.0
uClinux.cnf,2,6,2983868,0.988779638191381,3013528,1.0
uClinux.cnf,2,7,2988504,0.990315893281303,3013528,1.0
uClinux.cnf,2,8,3032163,1.0047833999618256,3013528,1.0
uClinux.cnf,2,9,2989277,0.9905720462546658,3013528,1.0
uClinux.cnf,2,10,2986186,0.9895477657363421,3013528,1.0
uE250.cnf,2,1,2300407,0.7935327484766866,2293083,0.7924403306772165
uE250.cnf,2,2,2318717,0.799848841509184,2305559,0.7967517688438808
uE250.cnf,2,3,2302167,0.7941398661029672,2293448,0.7925664668531408
uE250.cnf,2,4,2303400,0.7945651933945602,2297723,0.7940438152149948
uE250.cnf,2,5,2293012,0.7909818195867184,2293694,0.7926514791799283
uE250.cnf,2,6,2331921,0.8044036035190746,2302434,0.7956718358308296
uE250.cnf,2,7,2302695,0.7943220013908513,2292460,0.7922250352317346
uE250.cnf,2,8,2276286,0.7852121324178736,2284107,0.7893384174851695
uE250.cnf,2,9,2244067,0.7740980853717767,2264058,0.7824099128519977
uE250.cnf,2,10,2283681,0.7877630613078418,2290944,0.7917011381284432
vads.cnf,2,1,2233695,0.770520230815083,2244660,0.775003072860633
vads.cnf,2,2,2257122,0.7786014493553515,2238379,0.7728344618903134
vads.cnf,2,3,2231613,0.7698020382594489,2231904,0.7705988694634992
vads.cnf,2,4,2265278,0.7814148876280467,2252114,0.7775766799570766
vads.cnf,2,5,2261113,0.7799781575635818,2260841,0.7805898097036105
vads.cnf,2,6,2252437,0.7769853436285765,2251238,0.7772742276071324
vads.cnf,2,7,2253131,0.7772247411471211,2238454,0.772860356783288
vads.cnf,2,8,2261981,0.780277576938361,2253673,0.7781149484657103
vads.cnf,2,9,2264757,0.7812351670125397,2249438,0.77665275017574
vads.cnf,2,10,2255907,0.7781823312212999,2265069,0.7820495911369032
viper.cnf,2,1,2486087,0.779146128349647,2485319,0.7809459199163411
viper.cnf,2,2,2472906,0.7750151686858151,2477199,0.7783944241648015
viper.cnf,2,3,2489908,0.7803436396822849,2491125,0.7827703022234149
viper.cnf,2,4,2454949,0.7693873982068357,2454311,0.7712024740710529
viper.cnf,2,5,2507865,0.7859714101612645,2502063,0.7862072801212401
viper.cnf,2,6,2528496,0.7924372191912709,2522523,0.7926362952784446
viper.cnf,2,7,2490290,0.7804633594752889,2474164,0.7774407554941214
viper.cnf,2,8,2505190,0.785133058207638,2498485,0.7850829880277661
viper.cnf,2,9,2494684,0.7818404504974326,2505917,0.7874182979323772
viper.cnf,2,10,2491245,0.7807626589577985,2489149,0.7821493963607249
vrc4373.cnf,2,1,2302870,0.7971983283853243,2287286,0.7929270185824016
vrc4373.cnf,2,2,2230741,0.77222899957905,2235105,0.7748375777531182
vrc4373.cnf,2,3,2246711,0.7777574303216944,2255241,0.7818180683634639
vrc4373.cnf,2,4,2282161,0.7900293695719603,2282185,0.791158669227844
vrc4373.cnf,2,5,2321824,0.8037597483161999,2290641,0.7940900870169323
vrc4373.cnf,2,6,2294095,0.794160633972882,2280217,0.7904764281908375
vrc4373.cnf,2,7,2314628,0.8012686658099964,2309604,0.8006639370091843
vrc4373.cnf,2,8,2262330,0.7831643532878412,2271244,0.7873657834626575
vrc4373.cnf,2,9,2250923,0.7792155236396667,2247763,0.7792256910897172
vrc4373.cnf,2,10,2281108,0.7896648462424672,2273659,0.7882029847352034
vrc4375.cnf,2,1,2330834,0.7840871781346882,2347397,0.7906430239153485
vrc4375.cnf,2,2,2329227,0.7835465870435756,2335553,0.786653764333244
vrc4375.cnf,2,3,2357804,0.7931598238890802,2355124,0.7932456082442003
vrc4375.cnf,2,4,2372985,0.7982666772519807,2368854,0.7978701045344988
vrc4375.cnf,2,5,2345837,0.7891341527084051,2348130,0.7908899107165712
vrc4375.cnf,2,6,2324047,0.7818040469987944,2316432,0.7802134880355894
vrc4375.cnf,2,7,2318331,0.7798811977910782,2338076,0.7875035534184897
vrc4375.cnf,2,8,2322618,0.7813233346968653,2323326,0.7825355038713736
vrc4375.cnf,2,9,2330298,0.7839068689717533,2323518,0.7826001727197158
vrc4375.cnf,2,10,2357447,0.793039729913021,2335659,0.7866894669265995
